{
  "type": "FeatureCollection",
  "generator": "overpass-turbo",
  "copyright": "The data included in this document is from www.openstreetmap.org. The data is made available under ODbL.",
  "timestamp": "2026-05-21T09:34:45Z",
  "features": [
    {
      "type": "Feature",
      "properties": {
        "@id": "relation/4624917",
        "bench": "yes",
        "bin": "yes",
        "lit": "yes",
        "name": "Rovereto",
        "public_transport": "platform",
        "railway": "platform",
        "ref": "2;3",
        "shelter": "yes",
        "tactile_paving": "yes",
        "train": "yes",
        "type": "multipolygon"
      },
      "geometry": {
        "type": "Polygon",
        "coordinates": [
          [
            [
              11.0330938,
              45.8885421
            ],
            [
              11.033129,
              45.8885382
            ],
            [
              11.0331628,
              45.8885347
            ],
            [
              11.0333302,
              45.8893259
            ],
            [
              11.0334593,
              45.8900584
            ],
            [
              11.0339333,
              45.8928732
            ],
            [
              11.0338753,
              45.8928759
            ],
            [
              11.0337099,
              45.8918859
            ],
            [
              11.0333909,
              45.8900443
            ],
            [
              11.0332554,
              45.8893343
            ],
            [
              11.0330938,
              45.8885421
            ]
          ]
        ]
      },
      "id": "relation/4624917"
    },
    {
      "type": "Feature",
      "properties": {
        "@id": "way/908948598",
        "area": "yes",
        "bench": "no",
        "public_transport": "platform",
        "railway": "platform",
        "ref": "3;4",
        "shelter": "no",
        "train": "yes"
      },
      "geometry": {
        "type": "Polygon",
        "coordinates": [
          [
            [
              11.0025661,
              45.8606738
            ],
            [
              11.0025366,
              45.8602703
            ],
            [
              11.0026117,
              45.8602628
            ],
            [
              11.0026627,
              45.8606831
            ],
            [
              11.0028692,
              45.8616507
            ],
            [
              11.0029255,
              45.8618449
            ],
            [
              11.0030784,
              45.8622503
            ],
            [
              11.0029952,
              45.8622671
            ],
            [
              11.0028424,
              45.8618524
            ],
            [
              11.002786,
              45.8616581
            ],
            [
              11.0026224,
              45.8609409
            ],
            [
              11.0025661,
              45.8606738
            ]
          ]
        ]
      },
      "id": "way/908948598"
    },
    {
      "type": "Feature",
      "properties": {
        "@id": "way/238166413",
        "bench": "no",
        "bin": "yes",
        "lit": "yes",
        "name": "Rovereto",
        "public_transport": "platform",
        "railway": "platform",
        "ref": "1",
        "shelter": "yes",
        "tactile_paving": "yes",
        "train": "yes"
      },
      "geometry": {
        "type": "LineString",
        "coordinates": [
          [
            11.0336428,
            45.8904205
          ],
          [
            11.0338396,
            45.891583
          ]
        ]
      },
      "id": "way/238166413"
    },
    {
      "type": "Feature",
      "properties": {
        "@id": "way/238166414",
        "bench": "yes",
        "bin": "yes",
        "lit": "yes",
        "public_transport": "platform",
        "railway": "platform_edge",
        "ref": "3",
        "shelter": "yes",
        "tactile_paving": "yes",
        "train": "yes",
        "@relations": [
          {
            "role": "outer",
            "rel": 4624917,
            "reltags": {
              "bench": "yes",
              "bin": "yes",
              "lit": "yes",
              "name": "Rovereto",
              "public_transport": "platform",
              "railway": "platform",
              "ref": "2;3",
              "shelter": "yes",
              "tactile_paving": "yes",
              "train": "yes",
              "type": "multipolygon"
            }
          }
        ]
      },
      "geometry": {
        "type": "LineString",
        "coordinates": [
          [
            11.0330938,
            45.8885421
          ],
          [
            11.0332554,
            45.8893343
          ],
          [
            11.0333909,
            45.8900443
          ],
          [
            11.0337099,
            45.8918859
          ],
          [
            11.0338753,
            45.8928759
          ]
        ]
      },
      "id": "way/238166414"
    },
    {
      "type": "Feature",
      "properties": {
        "@id": "way/330031479",
        "bench": "yes",
        "bin": "yes",
        "lit": "yes",
        "public_transport": "platform",
        "railway": "platform_edge",
        "ref": "2",
        "shelter": "yes",
        "tactile_paving": "yes",
        "train": "yes",
        "@relations": [
          {
            "role": "outer",
            "rel": 4624917,
            "reltags": {
              "bench": "yes",
              "bin": "yes",
              "lit": "yes",
              "name": "Rovereto",
              "public_transport": "platform",
              "railway": "platform",
              "ref": "2;3",
              "shelter": "yes",
              "tactile_paving": "yes",
              "train": "yes",
              "type": "multipolygon"
            }
          }
        ]
      },
      "geometry": {
        "type": "LineString",
        "coordinates": [
          [
            11.0331628,
            45.8885347
          ],
          [
            11.0333302,
            45.8893259
          ],
          [
            11.0334593,
            45.8900584
          ],
          [
            11.0339333,
            45.8928732
          ]
        ]
      },
      "id": "way/330031479"
    },
    {
      "type": "Feature",
      "properties": {
        "@id": "node/269026743",
        "bus": "yes",
        "highway": "bus_stop",
        "name": "Cisterna",
        "public_transport": "platform"
      },
      "geometry": {
        "type": "Point",
        "coordinates": [
          11.0863447,
          45.883229
        ]
      },
      "id": "node/269026743"
    },
    {
      "type": "Feature",
      "properties": {
        "@id": "node/409500196",
        "highway": "bus_stop",
        "name": "Via Benacense/Scuole elementare Dante Alighieri",
        "public_transport": "platform",
        "shelter": "yes"
      },
      "geometry": {
        "type": "Point",
        "coordinates": [
          11.0351947,
          45.8796925
        ]
      },
      "id": "node/409500196"
    },
    {
      "type": "Feature",
      "properties": {
        "@id": "node/409500199",
        "bench": "no",
        "bus": "yes",
        "highway": "bus_stop",
        "name": "Lizzana SS12 Rovercenter",
        "public_transport": "platform",
        "shelter": "yes"
      },
      "geometry": {
        "type": "Point",
        "coordinates": [
          11.0289617,
          45.8641006
        ]
      },
      "id": "node/409500199"
    },
    {
      "type": "Feature",
      "properties": {
        "@id": "node/412367735",
        "highway": "bus_stop",
        "name": "Via Benacense/Via Fume/Campo sportivo \"Prà de le mòneghe\"",
        "public_transport": "platform",
        "shelter": "yes"
      },
      "geometry": {
        "type": "Point",
        "coordinates": [
          11.0381521,
          45.8818965
        ]
      },
      "id": "node/412367735"
    },
    {
      "type": "Feature",
      "properties": {
        "@id": "node/412367736",
        "highway": "bus_stop",
        "name": "Via Benacense/Scuole Dante",
        "public_transport": "platform",
        "shelter": "yes"
      },
      "geometry": {
        "type": "Point",
        "coordinates": [
          11.0348436,
          45.8795363
        ]
      },
      "id": "node/412367736"
    },
    {
      "type": "Feature",
      "properties": {
        "@id": "node/635772598",
        "addr:city": "Rovereto",
        "addr:postcode": "38068",
        "addr:street": "Corso Bettini",
        "highway": "bus_stop",
        "name": "Corso Bettini/Liceo Rosmini",
        "public_transport": "platform",
        "shelter": "no",
        "wheelchair": "yes"
      },
      "geometry": {
        "type": "Point",
        "coordinates": [
          11.043211,
          45.8959848
        ]
      },
      "id": "node/635772598"
    },
    {
      "type": "Feature",
      "properties": {
        "@id": "node/648170438",
        "bench": "yes",
        "highway": "bus_stop",
        "name": "Corso Rosmini/Posta",
        "public_transport": "platform",
        "shelter": "yes",
        "tactile_paving": "yes"
      },
      "geometry": {
        "type": "Point",
        "coordinates": [
          11.0409741,
          45.8909725
        ]
      },
      "id": "node/648170438"
    },
    {
      "type": "Feature",
      "properties": {
        "@id": "node/648171977",
        "bench": "yes",
        "bin": "yes",
        "highway": "bus_stop",
        "lit": "yes",
        "name": "Corso Rosmini/Monumento",
        "public_transport": "platform",
        "shelter": "yes",
        "tactile_paving": "yes"
      },
      "geometry": {
        "type": "Point",
        "coordinates": [
          11.0427306,
          45.8908711
        ]
      },
      "id": "node/648171977"
    },
    {
      "type": "Feature",
      "properties": {
        "@id": "node/648173000",
        "bus": "yes",
        "highway": "bus_stop",
        "name": "Via Driopozzo bivio Solatrix",
        "public_transport": "platform"
      },
      "geometry": {
        "type": "Point",
        "coordinates": [
          11.0445181,
          45.8988718
        ]
      },
      "id": "node/648173000"
    },
    {
      "type": "Feature",
      "properties": {
        "@id": "node/648173663",
        "bus": "yes",
        "highway": "bus_stop",
        "name": "Via Driopozzo bivio Solatrix",
        "public_transport": "platform"
      },
      "geometry": {
        "type": "Point",
        "coordinates": [
          11.0443337,
          45.8996633
        ]
      },
      "id": "node/648173663"
    },
    {
      "type": "Feature",
      "properties": {
        "@id": "node/648195401",
        "highway": "bus_stop",
        "name": "Via Puccini/Via Donizetti",
        "public_transport": "platform"
      },
      "geometry": {
        "type": "Point",
        "coordinates": [
          11.0461481,
          45.9013059
        ]
      },
      "id": "node/648195401"
    },
    {
      "type": "Feature",
      "properties": {
        "@id": "node/648196163",
        "bus": "yes",
        "highway": "bus_stop",
        "name": "Via Puccini Via Perosi",
        "public_transport": "platform"
      },
      "geometry": {
        "type": "Point",
        "coordinates": [
          11.0447722,
          45.9040112
        ]
      },
      "id": "node/648196163"
    },
    {
      "type": "Feature",
      "properties": {
        "@id": "node/648196308",
        "highway": "bus_stop",
        "name": "Via Brione",
        "public_transport": "platform"
      },
      "geometry": {
        "type": "Point",
        "coordinates": [
          11.0428014,
          45.9039213
        ]
      },
      "id": "node/648196308"
    },
    {
      "type": "Feature",
      "properties": {
        "@id": "node/648199019",
        "highway": "bus_stop",
        "name": "S.Ilario/SAV",
        "public_transport": "platform",
        "shelter": "yes"
      },
      "geometry": {
        "type": "Point",
        "coordinates": [
          11.0408343,
          45.9085027
        ]
      },
      "id": "node/648199019"
    },
    {
      "type": "Feature",
      "properties": {
        "@id": "node/648199548",
        "addr:city": "Rovereto",
        "addr:postcode": "38068",
        "addr:street": "Viale Trento",
        "bench": "no",
        "bin": "no",
        "bus": "yes",
        "departures_board": "yes",
        "highway": "bus_stop",
        "lit": "no",
        "name": "Rovereto Viale Trento Via Salvetti",
        "public_transport": "platform",
        "shelter": "no",
        "tactile_paving": "no",
        "wheelchair": "yes"
      },
      "geometry": {
        "type": "Point",
        "coordinates": [
          11.0401398,
          45.9065692
        ]
      },
      "id": "node/648199548"
    },
    {
      "type": "Feature",
      "properties": {
        "@id": "node/648199781",
        "bench": "yes",
        "bus": "yes",
        "highway": "bus_stop",
        "name": "Sant'Ilario sav. (Hotel)",
        "public_transport": "platform",
        "shelter": "yes"
      },
      "geometry": {
        "type": "Point",
        "coordinates": [
          11.0405585,
          45.9083319
        ]
      },
      "id": "node/648199781"
    },
    {
      "type": "Feature",
      "properties": {
        "@id": "node/648200503",
        "bus": "yes",
        "departures_board": "timetable",
        "highway": "bus_stop",
        "name": "Via Lagarina A22",
        "public_transport": "platform"
      },
      "geometry": {
        "type": "Point",
        "coordinates": [
          11.0397242,
          45.9107481
        ]
      },
      "id": "node/648200503"
    },
    {
      "type": "Feature",
      "properties": {
        "@id": "node/670368994",
        "bench": "no",
        "bin": "no",
        "bus": "yes",
        "highway": "bus_stop",
        "lit": "yes",
        "name": "Via Magazol/Viale Trento",
        "public_transport": "platform",
        "shelter": "no",
        "tactile_paving": "no"
      },
      "geometry": {
        "type": "Point",
        "coordinates": [
          11.0419677,
          45.8990294
        ]
      },
      "id": "node/670368994"
    },
    {
      "type": "Feature",
      "properties": {
        "@id": "node/670370149",
        "highway": "bus_stop",
        "name": "Rovereto Via Baratieri",
        "public_transport": "platform",
        "shelter": "yes",
        "tactile_paving": "no"
      },
      "geometry": {
        "type": "Point",
        "coordinates": [
          11.0409291,
          45.8969473
        ]
      },
      "id": "node/670370149"
    },
    {
      "type": "Feature",
      "properties": {
        "@id": "node/670372167",
        "bench": "yes",
        "bin": "yes",
        "highway": "bus_stop",
        "lit": "yes",
        "name": "Via Paoli/Piazza 25 Aprile",
        "public_transport": "platform",
        "shelter": "no",
        "tactile_paving": "no"
      },
      "geometry": {
        "type": "Point",
        "coordinates": [
          11.0400315,
          45.8932269
        ]
      },
      "id": "node/670372167"
    },
    {
      "type": "Feature",
      "properties": {
        "@id": "node/670382615",
        "bench": "no",
        "bin": "yes",
        "bus": "yes",
        "highway": "bus_stop",
        "lit": "yes",
        "name": "Via Pedroni",
        "public_transport": "platform",
        "shelter": "no",
        "tactile_paving": "no"
      },
      "geometry": {
        "type": "Point",
        "coordinates": [
          11.0329495,
          45.8920893
        ]
      },
      "id": "node/670382615"
    },
    {
      "type": "Feature",
      "properties": {
        "@id": "node/670382619",
        "bench": "no",
        "bin": "no",
        "highway": "bus_stop",
        "lit": "yes",
        "name": "Via a Prato",
        "public_transport": "platform",
        "shelter": "no",
        "tactile_paving": "no"
      },
      "geometry": {
        "type": "Point",
        "coordinates": [
          11.0307606,
          45.8935553
        ]
      },
      "id": "node/670382619"
    },
    {
      "type": "Feature",
      "properties": {
        "@id": "node/670382623",
        "bench": "yes",
        "bin": "yes",
        "bus": "yes",
        "highway": "bus_stop",
        "lit": "no",
        "name": "Piazzale San Giorgio ovest",
        "public_transport": "platform",
        "shelter": "yes",
        "tactile_paving": "no"
      },
      "geometry": {
        "type": "Point",
        "coordinates": [
          11.028877,
          45.8956592
        ]
      },
      "id": "node/670382623"
    },
    {
      "type": "Feature",
      "properties": {
        "@id": "node/670382632",
        "bench": "no",
        "bin": "yes",
        "bus": "yes",
        "highway": "bus_stop",
        "lit": "no",
        "name": "Via Pasubio/Viale Vittoria",
        "public_transport": "platform",
        "shelter": "no",
        "tactile_paving": "no"
      },
      "geometry": {
        "type": "Point",
        "coordinates": [
          11.0307104,
          45.8871925
        ]
      },
      "id": "node/670382632"
    },
    {
      "type": "Feature",
      "properties": {
        "@id": "node/670390165",
        "highway": "bus_stop",
        "name": "Via Camillo Benso Conte di Cavour / Via Riva",
        "public_transport": "platform"
      },
      "geometry": {
        "type": "Point",
        "coordinates": [
          11.0346722,
          45.8871901
        ]
      },
      "id": "node/670390165"
    },
    {
      "type": "Feature",
      "properties": {
        "@id": "node/670390166",
        "bench": "yes",
        "bin": "yes",
        "bus": "yes",
        "highway": "bus_stop",
        "lit": "yes",
        "name": "Piazzale Orsi/Stazione FS",
        "public_transport": "platform",
        "route_ref": "Flixbus 407, 494, 531, N432, N494, N530",
        "shelter": "yes"
      },
      "geometry": {
        "type": "Point",
        "coordinates": [
          11.0342751,
          45.8903772
        ]
      },
      "id": "node/670390166"
    },
    {
      "type": "Feature",
      "properties": {
        "@id": "node/670411571",
        "amenity": "bus_station",
        "bench": "yes",
        "bin": "yes",
        "name": "Rovereto Via Paoli \"Stazione Autocorriere Rovereto\"",
        "operator": "Trentino Trasporti",
        "public_transport": "platform",
        "shelter": "yes",
        "wheelchair": "yes"
      },
      "geometry": {
        "type": "Point",
        "coordinates": [
          11.0400669,
          45.8914388
        ]
      },
      "id": "node/670411571"
    },
    {
      "type": "Feature",
      "properties": {
        "@id": "node/670425349",
        "bench": "yes",
        "bin": "no",
        "bus": "yes",
        "highway": "bus_stop",
        "lit": "no",
        "name": "SS 12 S.Ilario/via Stroperi",
        "public_transport": "platform",
        "shelter": "yes",
        "tactile_paving": "no"
      },
      "geometry": {
        "type": "Point",
        "coordinates": [
          11.0439967,
          45.9125689
        ]
      },
      "id": "node/670425349"
    },
    {
      "type": "Feature",
      "properties": {
        "@id": "node/670425350",
        "addr:city": "Rovereto",
        "addr:postcode": "38068",
        "addr:street": "Viale Trento",
        "bench": "yes",
        "bin": "yes",
        "highway": "bus_stop",
        "lit": "yes",
        "name": "Rovereto Viale Trento/Via Magazol",
        "public_transport": "platform",
        "shelter": "yes",
        "tactile_paving": "yes"
      },
      "geometry": {
        "type": "Point",
        "coordinates": [
          11.0421145,
          45.8995228
        ]
      },
      "id": "node/670425350"
    },
    {
      "type": "Feature",
      "properties": {
        "@id": "node/670425352",
        "addr:city": "Rovereto",
        "addr:postcode": "38068",
        "addr:street": "Viale Trento",
        "bench": "yes",
        "bin": "yes",
        "highway": "bus_stop",
        "lit": "yes",
        "name": "Rovereto Viale Trento/Via Magazol",
        "public_transport": "platform",
        "shelter": "yes",
        "tactile_paving": "no"
      },
      "geometry": {
        "type": "Point",
        "coordinates": [
          11.0422073,
          45.8995392
        ]
      },
      "id": "node/670425352"
    },
    {
      "type": "Feature",
      "properties": {
        "@id": "node/676761236",
        "addr:city": "Rovereto",
        "addr:postcode": "38068",
        "addr:street": "Viale Trento",
        "highway": "bus_stop",
        "name": "Viale Trento/Via Brione",
        "public_transport": "platform",
        "shelter": "no"
      },
      "geometry": {
        "type": "Point",
        "coordinates": [
          11.0416245,
          45.9016909
        ]
      },
      "id": "node/676761236"
    },
    {
      "type": "Feature",
      "properties": {
        "@id": "node/676761301",
        "addr:city": "Rovereto",
        "addr:postcode": "38068",
        "addr:street": "Viale Trento",
        "highway": "bus_stop",
        "name": "Viale Trento/Via Brione",
        "public_transport": "platform",
        "shelter": "yes"
      },
      "geometry": {
        "type": "Point",
        "coordinates": [
          11.0414465,
          45.9016461
        ]
      },
      "id": "node/676761301"
    },
    {
      "type": "Feature",
      "properties": {
        "@id": "node/676761591",
        "highway": "bus_stop",
        "name": "Via Puccini/Via Donizetti",
        "public_transport": "platform"
      },
      "geometry": {
        "type": "Point",
        "coordinates": [
          11.0461951,
          45.9016114
        ]
      },
      "id": "node/676761591"
    },
    {
      "type": "Feature",
      "properties": {
        "@id": "node/676762201",
        "bench": "no",
        "bin": "yes",
        "highway": "bus_stop",
        "lit": "yes",
        "name": "Corso Bettini/Teatro",
        "public_transport": "platform",
        "shelter": "no",
        "tactile_paving": "no"
      },
      "geometry": {
        "type": "Point",
        "coordinates": [
          11.0435964,
          45.8933551
        ]
      },
      "id": "node/676762201"
    },
    {
      "type": "Feature",
      "properties": {
        "@id": "node/676762309",
        "bench": "yes",
        "bin": "no",
        "highway": "bus_stop",
        "lit": "yes",
        "name": "Corso Bettini/MART",
        "public_transport": "platform",
        "shelter": "no",
        "tactile_paving": "no"
      },
      "geometry": {
        "type": "Point",
        "coordinates": [
          11.0437598,
          45.8930295
        ]
      },
      "id": "node/676762309"
    },
    {
      "type": "Feature",
      "properties": {
        "@id": "node/676765105",
        "addr:city": "Rovereto",
        "addr:postcode": "38068",
        "addr:street": "Corso Bettini",
        "bench": "yes",
        "bin": "no",
        "highway": "bus_stop",
        "lit": "yes",
        "name": "Corso Bettini/Frati",
        "public_transport": "platform",
        "shelter": "no",
        "tactile_paving": "no",
        "wheelchair": "yes"
      },
      "geometry": {
        "type": "Point",
        "coordinates": [
          11.0432586,
          45.8961523
        ]
      },
      "id": "node/676765105"
    },
    {
      "type": "Feature",
      "properties": {
        "@id": "node/676768139",
        "bench": "yes",
        "highway": "bus_stop",
        "name": "Corso Rosmini/Via Savioli \"Scuola Zandonai\"",
        "public_transport": "platform",
        "shelter": "yes"
      },
      "geometry": {
        "type": "Point",
        "coordinates": [
          11.038566,
          45.890869
        ]
      },
      "id": "node/676768139"
    },
    {
      "type": "Feature",
      "properties": {
        "@id": "node/676769277",
        "highway": "bus_stop",
        "name": "Via Saibanti",
        "public_transport": "platform",
        "shelter": "no"
      },
      "geometry": {
        "type": "Point",
        "coordinates": [
          11.0366563,
          45.8878328
        ]
      },
      "id": "node/676769277"
    },
    {
      "type": "Feature",
      "properties": {
        "@id": "node/676769418",
        "bench": "no",
        "bin": "no",
        "highway": "bus_stop",
        "lit": "yes",
        "name": "Piazzale Orsi/Istituto Veronesi",
        "public_transport": "platform",
        "shelter": "no"
      },
      "geometry": {
        "type": "Point",
        "coordinates": [
          11.0346489,
          45.8913368
        ]
      },
      "id": "node/676769418"
    },
    {
      "type": "Feature",
      "properties": {
        "@id": "node/676769565",
        "bench": "no",
        "bin": "yes",
        "highway": "bus_stop",
        "name": "Via Dante mon all`Alpino",
        "public_transport": "platform",
        "shelter": "no"
      },
      "geometry": {
        "type": "Point",
        "coordinates": [
          11.0403649,
          45.8864131
        ]
      },
      "id": "node/676769565"
    },
    {
      "type": "Feature",
      "properties": {
        "@id": "node/676769865",
        "bench": "yes",
        "bin": "yes",
        "bus": "yes",
        "highway": "bus_stop",
        "lit": "yes",
        "name": "Piazzale Santa Maria/Ospedale",
        "public_transport": "platform",
        "shelter": "yes",
        "tactile_paving": "yes"
      },
      "geometry": {
        "type": "Point",
        "coordinates": [
          11.0409476,
          45.883611
        ]
      },
      "id": "node/676769865"
    },
    {
      "type": "Feature",
      "properties": {
        "@id": "node/676772256",
        "bench": "yes",
        "bus": "yes",
        "highway": "bus_stop",
        "name": "SS12 Lizzanella",
        "public_transport": "platform",
        "shelter": "yes"
      },
      "geometry": {
        "type": "Point",
        "coordinates": [
          11.0317515,
          45.875548
        ]
      },
      "id": "node/676772256"
    },
    {
      "type": "Feature",
      "properties": {
        "@id": "node/676772730",
        "highway": "bus_stop",
        "name": "Corso Verona/Lizzanella",
        "public_transport": "platform"
      },
      "geometry": {
        "type": "Point",
        "coordinates": [
          11.0340978,
          45.8756053
        ]
      },
      "id": "node/676772730"
    },
    {
      "type": "Feature",
      "properties": {
        "@id": "node/676772747",
        "highway": "bus_stop",
        "name": "Corso Verona/Via Cainelli",
        "public_transport": "platform"
      },
      "geometry": {
        "type": "Point",
        "coordinates": [
          11.0361377,
          45.8773666
        ]
      },
      "id": "node/676772747"
    },
    {
      "type": "Feature",
      "properties": {
        "@id": "node/676772773",
        "bench": "yes",
        "highway": "bus_stop",
        "name": "Corso Verona/Ospedale",
        "public_transport": "platform",
        "shelter": "yes"
      },
      "geometry": {
        "type": "Point",
        "coordinates": [
          11.0395969,
          45.8810343
        ]
      },
      "id": "node/676772773"
    },
    {
      "type": "Feature",
      "properties": {
        "@id": "node/692740840",
        "bench": "yes",
        "bin": "yes",
        "bus": "yes",
        "departures_board": "timetable",
        "highway": "bus_stop",
        "name": "Marco officina/centro",
        "public_transport": "platform",
        "shelter": "yes"
      },
      "geometry": {
        "type": "Point",
        "coordinates": [
          11.0086101,
          45.8437744
        ]
      },
      "id": "node/692740840"
    },
    {
      "type": "Feature",
      "properties": {
        "@id": "node/692740841",
        "bus": "yes",
        "highway": "bus_stop",
        "name": "Marco Via alla Ghiffia",
        "public_transport": "platform"
      },
      "geometry": {
        "type": "Point",
        "coordinates": [
          11.0096265,
          45.8401367
        ]
      },
      "id": "node/692740841"
    },
    {
      "type": "Feature",
      "properties": {
        "@id": "node/692740842",
        "bench": "no",
        "bin": "yes",
        "highway": "bus_stop",
        "name": "Marco chiesa",
        "public_transport": "platform",
        "shelter": "yes"
      },
      "geometry": {
        "type": "Point",
        "coordinates": [
          11.0083383,
          45.841519
        ]
      },
      "id": "node/692740842"
    },
    {
      "type": "Feature",
      "properties": {
        "@id": "node/742885800",
        "bus": "yes",
        "highway": "bus_stop",
        "name": "SP2 Campolongo di Noriglio",
        "public_transport": "platform"
      },
      "geometry": {
        "type": "Point",
        "coordinates": [
          11.0639555,
          45.886997
        ]
      },
      "id": "node/742885800"
    },
    {
      "type": "Feature",
      "properties": {
        "@id": "node/1374813262",
        "bus": "yes",
        "highway": "bus_stop",
        "name": "SP2 Campolongo di Noriglio",
        "public_transport": "platform"
      },
      "geometry": {
        "type": "Point",
        "coordinates": [
          11.0636696,
          45.886895
        ]
      },
      "id": "node/1374813262"
    },
    {
      "type": "Feature",
      "properties": {
        "@id": "node/2199905187",
        "bench": "no",
        "bin": "no",
        "bus": "yes",
        "highway": "bus_stop",
        "lit": "yes",
        "name": "Rovereto Rist. Christina",
        "public_transport": "platform",
        "shelter": "no",
        "tactile_paving": "no",
        "wheelchair": "yes"
      },
      "geometry": {
        "type": "Point",
        "coordinates": [
          11.0318139,
          45.8813569
        ]
      },
      "id": "node/2199905187"
    },
    {
      "type": "Feature",
      "properties": {
        "@id": "node/2371808139",
        "highway": "bus_stop",
        "name": "Via Raffaele Zotti",
        "public_transport": "platform"
      },
      "geometry": {
        "type": "Point",
        "coordinates": [
          11.0208907,
          45.8862142
        ]
      },
      "id": "node/2371808139"
    },
    {
      "type": "Feature",
      "properties": {
        "@id": "node/2372019803",
        "bus": "yes",
        "highway": "bus_stop",
        "name": "Noriglio Beccachè",
        "public_transport": "platform"
      },
      "geometry": {
        "type": "Point",
        "coordinates": [
          11.0714646,
          45.8820357
        ]
      },
      "id": "node/2372019803"
    },
    {
      "type": "Feature",
      "properties": {
        "@id": "node/2372019819",
        "bus": "yes",
        "highway": "bus_stop",
        "name": "Costa di Noriglio Capolinea",
        "public_transport": "platform"
      },
      "geometry": {
        "type": "Point",
        "coordinates": [
          11.0728251,
          45.8845354
        ]
      },
      "id": "node/2372019819"
    },
    {
      "type": "Feature",
      "properties": {
        "@id": "node/2485130504",
        "bench": "yes",
        "bin": "no",
        "highway": "bus_stop",
        "lit": "yes",
        "name": "Rovereto Via Calcinari",
        "public_transport": "platform",
        "shelter": "yes",
        "tactile_paving": "no"
      },
      "geometry": {
        "type": "Point",
        "coordinates": [
          11.0445907,
          45.8865322
        ]
      },
      "id": "node/2485130504"
    },
    {
      "type": "Feature",
      "properties": {
        "@id": "node/2499958438",
        "bench": "no",
        "bin": "yes",
        "highway": "bus_stop",
        "lit": "yes",
        "name": "Piazza Podestà",
        "public_transport": "platform",
        "shelter": "no",
        "tactile_paving": "no"
      },
      "geometry": {
        "type": "Point",
        "coordinates": [
          11.0456882,
          45.8864051
        ]
      },
      "id": "node/2499958438"
    },
    {
      "type": "Feature",
      "properties": {
        "@id": "node/2623279977",
        "bench": "yes",
        "bin": "yes",
        "bus": "yes",
        "departures_board": "yes",
        "highway": "bus_stop",
        "name": "Via Pasubio Via Unione",
        "public_transport": "platform",
        "shelter": "yes"
      },
      "geometry": {
        "type": "Point",
        "coordinates": [
          11.0253337,
          45.8874216
        ]
      },
      "id": "node/2623279977"
    },
    {
      "type": "Feature",
      "properties": {
        "@id": "node/2625661603",
        "bus": "yes",
        "highway": "bus_stop",
        "name": "Via Balista",
        "public_transport": "platform"
      },
      "geometry": {
        "type": "Point",
        "coordinates": [
          11.0309358,
          45.8960047
        ]
      },
      "id": "node/2625661603"
    },
    {
      "type": "Feature",
      "properties": {
        "@id": "node/2716971675",
        "highway": "bus_stop",
        "name": "capolinea ponte Zigherane",
        "public_transport": "platform"
      },
      "geometry": {
        "type": "Point",
        "coordinates": [
          11.0234206,
          45.8793606
        ]
      },
      "id": "node/2716971675"
    },
    {
      "type": "Feature",
      "properties": {
        "@id": "node/2716992405",
        "bench": "no",
        "bin": "no",
        "highway": "bus_stop",
        "lit": "yes",
        "name": "Via Unione scuole Degasperi",
        "public_transport": "platform",
        "shelter": "no",
        "tactile_paving": "no"
      },
      "geometry": {
        "type": "Point",
        "coordinates": [
          11.023283,
          45.8850629
        ]
      },
      "id": "node/2716992405"
    },
    {
      "type": "Feature",
      "properties": {
        "@id": "node/2716992406",
        "bus": "yes",
        "highway": "bus_stop",
        "name": "Via Unione Via Zotti",
        "public_transport": "platform",
        "shelter": "no",
        "tactile_paving": "no"
      },
      "geometry": {
        "type": "Point",
        "coordinates": [
          11.0231443,
          45.8860928
        ]
      },
      "id": "node/2716992406"
    },
    {
      "type": "Feature",
      "properties": {
        "@id": "node/2716992407",
        "bench": "no",
        "bin": "no",
        "bus": "yes",
        "highway": "bus_stop",
        "lit": "yes",
        "name": "Via Unione scuole Filzi",
        "public_transport": "platform",
        "shelter": "no",
        "tactile_paving": "no"
      },
      "geometry": {
        "type": "Point",
        "coordinates": [
          11.0240449,
          45.88821
        ]
      },
      "id": "node/2716992407"
    },
    {
      "type": "Feature",
      "properties": {
        "@id": "node/2716992408",
        "bus": "yes",
        "highway": "bus_stop",
        "name": "Via Unione",
        "public_transport": "platform"
      },
      "geometry": {
        "type": "Point",
        "coordinates": [
          11.0274741,
          45.8934514
        ]
      },
      "id": "node/2716992408"
    },
    {
      "type": "Feature",
      "properties": {
        "@id": "node/2716992409",
        "bench": "no",
        "bus": "yes",
        "highway": "bus_stop",
        "name": "Via Unione",
        "public_transport": "platform",
        "shelter": "no"
      },
      "geometry": {
        "type": "Point",
        "coordinates": [
          11.0274172,
          45.8934577
        ]
      },
      "id": "node/2716992409"
    },
    {
      "type": "Feature",
      "properties": {
        "@id": "node/2716992410",
        "bus": "yes",
        "highway": "bus_stop",
        "name": "Piazzale San Giorgio est",
        "public_transport": "platform",
        "shelter": "yes"
      },
      "geometry": {
        "type": "Point",
        "coordinates": [
          11.0295668,
          45.8954447
        ]
      },
      "id": "node/2716992410"
    },
    {
      "type": "Feature",
      "properties": {
        "@id": "node/2742431294",
        "bus": "yes",
        "highway": "bus_stop",
        "name": "Costa di Noriglio Capolinea",
        "public_transport": "platform"
      },
      "geometry": {
        "type": "Point",
        "coordinates": [
          11.0729449,
          45.8841738
        ]
      },
      "id": "node/2742431294"
    },
    {
      "type": "Feature",
      "properties": {
        "@id": "node/2742431342",
        "bench": "no",
        "bin": "no",
        "bus": "yes",
        "highway": "bus_stop",
        "name": "Norgiolo Via Dei Cimbri",
        "public_transport": "platform",
        "shelter": "no",
        "tactile_paving": "no"
      },
      "geometry": {
        "type": "Point",
        "coordinates": [
          11.0701048,
          45.8842712
        ]
      },
      "id": "node/2742431342"
    },
    {
      "type": "Feature",
      "properties": {
        "@id": "node/2742431393",
        "bench": "no",
        "bin": "no",
        "bus": "yes",
        "highway": "bus_stop",
        "lit": "no",
        "name": "Norgiolo",
        "name:signed": "no",
        "public_transport": "platform",
        "shelter": "no",
        "tactile_paving": "no"
      },
      "geometry": {
        "type": "Point",
        "coordinates": [
          11.0696643,
          45.8846269
        ]
      },
      "id": "node/2742431393"
    },
    {
      "type": "Feature",
      "properties": {
        "@id": "node/2742431582",
        "bus": "yes",
        "highway": "bus_stop",
        "name": "Noriglio Distributore",
        "public_transport": "platform"
      },
      "geometry": {
        "type": "Point",
        "coordinates": [
          11.0595069,
          45.8874139
        ]
      },
      "id": "node/2742431582"
    },
    {
      "type": "Feature",
      "properties": {
        "@id": "node/2742431587",
        "bus": "yes",
        "highway": "bus_stop",
        "name": "Noriglio Distributore",
        "public_transport": "platform"
      },
      "geometry": {
        "type": "Point",
        "coordinates": [
          11.0595658,
          45.8874633
        ]
      },
      "id": "node/2742431587"
    },
    {
      "type": "Feature",
      "properties": {
        "@id": "node/2744405486",
        "bench": "no",
        "bin": "no",
        "highway": "bus_stop",
        "name": "Corso Rosmini",
        "operator": "Trentino trasporti esercizio",
        "public_transport": "platform",
        "shelter": "yes"
      },
      "geometry": {
        "type": "Point",
        "coordinates": [
          11.041582,
          45.8909289
        ]
      },
      "id": "node/2744405486"
    },
    {
      "type": "Feature",
      "properties": {
        "@id": "node/2779000577",
        "bench": "no",
        "bin": "yes",
        "highway": "bus_stop",
        "lit": "no",
        "name": "Viale dei Colli Via Scole Alberghiero",
        "public_transport": "platform",
        "shelter": "no",
        "tactile_paving": "no"
      },
      "geometry": {
        "type": "Point",
        "coordinates": [
          11.0473191,
          45.8910112
        ]
      },
      "id": "node/2779000577"
    },
    {
      "type": "Feature",
      "properties": {
        "@id": "node/2779000578",
        "bus": "yes",
        "highway": "bus_stop",
        "name": "Viale dei Colli Via Vallunga",
        "public_transport": "platform"
      },
      "geometry": {
        "type": "Point",
        "coordinates": [
          11.0497555,
          45.8917807
        ]
      },
      "id": "node/2779000578"
    },
    {
      "type": "Feature",
      "properties": {
        "@id": "node/2779000579",
        "bus": "yes",
        "highway": "bus_stop",
        "name": "Viale dei Colli san Biagio",
        "public_transport": "platform"
      },
      "geometry": {
        "type": "Point",
        "coordinates": [
          11.0501154,
          45.8904618
        ]
      },
      "id": "node/2779000579"
    },
    {
      "type": "Feature",
      "properties": {
        "@id": "node/2779013760",
        "bus": "yes",
        "highway": "bus_stop",
        "public_transport": "platform"
      },
      "geometry": {
        "type": "Point",
        "coordinates": [
          11.0903003,
          45.8767276
        ]
      },
      "id": "node/2779013760"
    },
    {
      "type": "Feature",
      "properties": {
        "@id": "node/2779013764",
        "bus": "yes",
        "highway": "bus_stop",
        "name": "bivio per Senter",
        "public_transport": "platform"
      },
      "geometry": {
        "type": "Point",
        "coordinates": [
          11.0775076,
          45.8812377
        ]
      },
      "id": "node/2779013764"
    },
    {
      "type": "Feature",
      "properties": {
        "@id": "node/2779013767",
        "highway": "bus_stop",
        "name": "Casa del Felegname",
        "public_transport": "platform"
      },
      "geometry": {
        "type": "Point",
        "coordinates": [
          11.0762486,
          45.8861283
        ]
      },
      "id": "node/2779013767"
    },
    {
      "type": "Feature",
      "properties": {
        "@id": "node/2779013769",
        "bus": "yes",
        "highway": "bus_stop",
        "name": "Maso Mortal",
        "public_transport": "platform"
      },
      "geometry": {
        "type": "Point",
        "coordinates": [
          11.0795546,
          45.8830881
        ]
      },
      "id": "node/2779013769"
    },
    {
      "type": "Feature",
      "properties": {
        "@id": "node/2786235121",
        "highway": "bus_stop",
        "name": "Lizzana SS12 Rovercenter",
        "public_transport": "platform"
      },
      "geometry": {
        "type": "Point",
        "coordinates": [
          11.0292761,
          45.8644833
        ]
      },
      "id": "node/2786235121"
    },
    {
      "type": "Feature",
      "properties": {
        "@id": "node/3292373483",
        "bench": "yes",
        "highway": "bus_stop",
        "name": "Corso Rosmini Via Savioli/Liceo Filzi",
        "public_transport": "platform",
        "shelter": "yes"
      },
      "geometry": {
        "type": "Point",
        "coordinates": [
          11.0384985,
          45.8909887
        ]
      },
      "id": "node/3292373483"
    },
    {
      "type": "Feature",
      "properties": {
        "@id": "node/3292440008",
        "bench": "no",
        "bin": "no",
        "bus": "yes",
        "highway": "bus_stop",
        "lit": "no",
        "name": "Via Manzoni/A.S.M.",
        "public_transport": "platform",
        "shelter": "no",
        "tactile_paving": "no"
      },
      "geometry": {
        "type": "Point",
        "coordinates": [
          11.0364105,
          45.8932862
        ]
      },
      "id": "node/3292440008"
    },
    {
      "type": "Feature",
      "properties": {
        "@id": "node/5435661956",
        "bus": "yes",
        "highway": "bus_stop",
        "name": "Via Pasqui",
        "public_transport": "platform",
        "shelter": "no"
      },
      "geometry": {
        "type": "Point",
        "coordinates": [
          11.037306,
          45.8993
        ]
      },
      "id": "node/5435661956"
    },
    {
      "type": "Feature",
      "properties": {
        "@id": "node/5435661959",
        "bus": "yes",
        "highway": "bus_stop",
        "name": "Via Pasqui",
        "public_transport": "platform",
        "shelter": "yes"
      },
      "geometry": {
        "type": "Point",
        "coordinates": [
          11.0373893,
          45.8992225
        ]
      },
      "id": "node/5435661959"
    },
    {
      "type": "Feature",
      "properties": {
        "@id": "node/5435661960",
        "bench": "yes",
        "check_date:shelter": "2022-09-17",
        "highway": "bus_stop",
        "name": "Via Parteli",
        "public_transport": "platform",
        "shelter": "yes"
      },
      "geometry": {
        "type": "Point",
        "coordinates": [
          11.0369937,
          45.8964225
        ]
      },
      "id": "node/5435661960"
    },
    {
      "type": "Feature",
      "properties": {
        "@id": "node/6007425834",
        "bench": "yes",
        "bin": "yes",
        "bus": "yes",
        "covered": "yes",
        "highway": "bus_stop",
        "lit": "yes",
        "name": "Piazzale Orsi/Stazione FS",
        "public_transport": "platform",
        "route_ref": "Flixbus 407, 494, 531, N432, N530",
        "shelter": "yes",
        "tactile_paving": "no"
      },
      "geometry": {
        "type": "Point",
        "coordinates": [
          11.034013,
          45.8905979
        ]
      },
      "id": "node/6007425834"
    },
    {
      "type": "Feature",
      "properties": {
        "@id": "node/6582469421",
        "bench": "no",
        "bin": "no",
        "bus": "yes",
        "check_date:shelter": "2024-08-04",
        "highway": "bus_stop",
        "lit": "yes",
        "name": "Mori - Stazione FS",
        "public_transport": "platform",
        "shelter": "no",
        "tactile_paving": "no"
      },
      "geometry": {
        "type": "Point",
        "coordinates": [
          11.0004125,
          45.8619598
        ]
      },
      "id": "node/6582469421"
    },
    {
      "type": "Feature",
      "properties": {
        "@id": "node/6582469422",
        "bench": "no",
        "bin": "yes",
        "bus": "yes",
        "highway": "bus_stop",
        "lit": "yes",
        "name": "Mori - Stazione FS",
        "public_transport": "platform",
        "shelter": "no",
        "tactile_paving": "no"
      },
      "geometry": {
        "type": "Point",
        "coordinates": [
          11.0005766,
          45.8619886
        ]
      },
      "id": "node/6582469422"
    },
    {
      "type": "Feature",
      "properties": {
        "@id": "node/6582469423",
        "bench": "yes",
        "bus": "yes",
        "highway": "bus_stop",
        "name": "SS240 Centro Commerciale Millenium sud",
        "public_transport": "platform",
        "shelter": "yes"
      },
      "geometry": {
        "type": "Point",
        "coordinates": [
          11.0142265,
          45.8687988
        ]
      },
      "id": "node/6582469423"
    },
    {
      "type": "Feature",
      "properties": {
        "@id": "node/6582469424",
        "bench": "yes",
        "bus": "yes",
        "highway": "bus_stop",
        "lit": "yes",
        "name": "Centro Commerciale Millenium sud",
        "public_transport": "platform",
        "shelter": "yes"
      },
      "geometry": {
        "type": "Point",
        "coordinates": [
          11.0140087,
          45.8685751
        ]
      },
      "id": "node/6582469424"
    },
    {
      "type": "Feature",
      "properties": {
        "@id": "node/6582504152",
        "bus": "yes",
        "highway": "bus_stop",
        "name": "SS12 Lizzanella",
        "public_transport": "platform"
      },
      "geometry": {
        "type": "Point",
        "coordinates": [
          11.0320264,
          45.8761608
        ]
      },
      "id": "node/6582504152"
    },
    {
      "type": "Feature",
      "properties": {
        "@id": "node/6582504153",
        "bench": "no",
        "bin": "no",
        "bus": "yes",
        "highway": "bus_stop",
        "lit": "yes",
        "name": "Rovereto Rist. Christina",
        "public_transport": "platform",
        "shelter": "no",
        "tactile_paving": "no",
        "wheelchair": "yes"
      },
      "geometry": {
        "type": "Point",
        "coordinates": [
          11.0320563,
          45.8815302
        ]
      },
      "id": "node/6582504153"
    },
    {
      "type": "Feature",
      "properties": {
        "@id": "node/6718674201",
        "bench": "yes",
        "bin": "yes",
        "bus": "yes",
        "departures_board": "yes",
        "highway": "bus_stop",
        "lit": "yes",
        "name": "Piazza Filzi - Via del porto",
        "public_transport": "platform",
        "shelter": "yes",
        "tactile_paving": "no"
      },
      "geometry": {
        "type": "Point",
        "coordinates": [
          11.0178977,
          45.8841629
        ]
      },
      "id": "node/6718674201"
    },
    {
      "type": "Feature",
      "properties": {
        "@id": "node/6724656582",
        "highway": "bus_stop",
        "public_transport": "platform"
      },
      "geometry": {
        "type": "Point",
        "coordinates": [
          11.0542944,
          45.8997135
        ]
      },
      "id": "node/6724656582"
    },
    {
      "type": "Feature",
      "properties": {
        "@id": "node/6724656583",
        "highway": "bus_stop",
        "public_transport": "platform"
      },
      "geometry": {
        "type": "Point",
        "coordinates": [
          11.051976,
          45.8952121
        ]
      },
      "id": "node/6724656583"
    },
    {
      "type": "Feature",
      "properties": {
        "@id": "node/6737950231",
        "bench": "no",
        "bin": "no",
        "bus": "yes",
        "highway": "bus_stop",
        "lit": "yes",
        "name": "Via Pasubio/Viale Vittoria",
        "public_transport": "platform",
        "shelter": "no",
        "tactile_paving": "no"
      },
      "geometry": {
        "type": "Point",
        "coordinates": [
          11.0309293,
          45.8873421
        ]
      },
      "id": "node/6737950231"
    },
    {
      "type": "Feature",
      "properties": {
        "@id": "node/6781353861",
        "bench": "no",
        "bin": "yes",
        "highway": "bus_stop",
        "name": "Via Fedrigotti chioesa",
        "public_transport": "platform",
        "shelter": "no"
      },
      "geometry": {
        "type": "Point",
        "coordinates": [
          11.0204485,
          45.8842298
        ]
      },
      "id": "node/6781353861"
    },
    {
      "type": "Feature",
      "properties": {
        "@id": "node/6880570324",
        "bench": "no",
        "bin": "no",
        "bus": "yes",
        "covered": "no",
        "departures_board": "yes",
        "highway": "bus_stop",
        "lit": "yes",
        "name": "Piazza Filzi - Via del porto",
        "public_transport": "platform",
        "shelter": "no",
        "tactile_paving": "no"
      },
      "geometry": {
        "type": "Point",
        "coordinates": [
          11.0181204,
          45.8840231
        ]
      },
      "id": "node/6880570324"
    },
    {
      "type": "Feature",
      "properties": {
        "@id": "node/6881381042",
        "bench": "yes",
        "bus": "yes",
        "departures_board": "yes",
        "highway": "bus_stop",
        "name": "Viale Vittoria scuole Degasperi",
        "public_transport": "platform",
        "shelter": "no"
      },
      "geometry": {
        "type": "Point",
        "coordinates": [
          11.0240023,
          45.8848502
        ]
      },
      "id": "node/6881381042"
    },
    {
      "type": "Feature",
      "properties": {
        "@id": "node/6881381043",
        "bench": "yes",
        "bus": "yes",
        "departures_board": "yes",
        "highway": "bus_stop",
        "name": "Viale Vittoria scuole Degasperi",
        "public_transport": "platform",
        "shelter": "no"
      },
      "geometry": {
        "type": "Point",
        "coordinates": [
          11.0240586,
          45.8849492
        ]
      },
      "id": "node/6881381043"
    },
    {
      "type": "Feature",
      "properties": {
        "@id": "node/6881717978",
        "bench": "yes",
        "bus": "yes",
        "departures_board": "yes",
        "highway": "bus_stop",
        "name": "Viale Vittoria Via Zotti",
        "public_transport": "platform",
        "shelter": "no"
      },
      "geometry": {
        "type": "Point",
        "coordinates": [
          11.0256518,
          45.8853693
        ]
      },
      "id": "node/6881717978"
    },
    {
      "type": "Feature",
      "properties": {
        "@id": "node/6881717979",
        "bench": "yes",
        "bus": "yes",
        "departures_board": "yes",
        "highway": "bus_stop",
        "name": "Viale Vittoria Via Zotti",
        "public_transport": "platform",
        "shelter": "no"
      },
      "geometry": {
        "type": "Point",
        "coordinates": [
          11.0253756,
          45.8852311
        ]
      },
      "id": "node/6881717979"
    },
    {
      "type": "Feature",
      "properties": {
        "@id": "node/6936723460",
        "addr:city": "Rovereto",
        "addr:postcode": "38068",
        "addr:street": "Viale Trento",
        "bench": "yes",
        "bin": "yes",
        "bus": "yes",
        "departures_board": "yes",
        "highway": "bus_stop",
        "lit": "yes",
        "name": "Rovereto Viale Trento Via Selfetti",
        "public_transport": "platform",
        "shelter": "yes",
        "tactile_paving": "no",
        "wheelchair": "yes"
      },
      "geometry": {
        "type": "Point",
        "coordinates": [
          11.0400268,
          45.9064507
        ]
      },
      "id": "node/6936723460"
    },
    {
      "type": "Feature",
      "properties": {
        "@id": "node/7040367110",
        "bench": "no",
        "bus": "yes",
        "departures_board": "yes",
        "highway": "bus_stop",
        "public_transport": "platform",
        "shelter": "no"
      },
      "geometry": {
        "type": "Point",
        "coordinates": [
          11.0191127,
          45.8883033
        ]
      },
      "id": "node/7040367110"
    },
    {
      "type": "Feature",
      "properties": {
        "@id": "node/7040367111",
        "bench": "no",
        "bus": "yes",
        "departures_board": "yes",
        "highway": "bus_stop",
        "public_transport": "platform",
        "shelter": "no"
      },
      "geometry": {
        "type": "Point",
        "coordinates": [
          11.0188349,
          45.8882688
        ]
      },
      "id": "node/7040367111"
    },
    {
      "type": "Feature",
      "properties": {
        "@id": "node/7040376019",
        "bench": "no",
        "bin": "no",
        "bus": "yes",
        "departures_board": "yes",
        "highway": "bus_stop",
        "lit": "no",
        "name": "Via Pasubio Via Unione",
        "public_transport": "platform",
        "shelter": "yes",
        "tactile_paving": "no"
      },
      "geometry": {
        "type": "Point",
        "coordinates": [
          11.0246443,
          45.8875183
        ]
      },
      "id": "node/7040376019"
    },
    {
      "type": "Feature",
      "properties": {
        "@id": "node/7894980145",
        "bus": "yes",
        "highway": "bus_stop",
        "name": "Via Benacense parco Ferrari",
        "public_transport": "platform",
        "shelter": "yes"
      },
      "geometry": {
        "type": "Point",
        "coordinates": [
          11.0332626,
          45.8778178
        ]
      },
      "id": "node/7894980145"
    },
    {
      "type": "Feature",
      "properties": {
        "@id": "node/8435731658",
        "bench": "yes",
        "bin": "yes",
        "bus": "yes",
        "check_date:shelter": "2025-11-29",
        "highway": "bus_stop",
        "lit": "yes",
        "public_transport": "platform",
        "shelter": "yes"
      },
      "geometry": {
        "type": "Point",
        "coordinates": [
          11.0015967,
          45.860881
        ]
      },
      "id": "node/8435731658"
    },
    {
      "type": "Feature",
      "properties": {
        "@id": "node/8438503022",
        "bus": "yes",
        "highway": "bus_stop",
        "lit": "yes",
        "name": "Mori Stazione",
        "public_transport": "platform",
        "shelter": "no",
        "tactile_paving": "no"
      },
      "geometry": {
        "type": "Point",
        "coordinates": [
          11.0018002,
          45.8607476
        ]
      },
      "id": "node/8438503022"
    },
    {
      "type": "Feature",
      "properties": {
        "@id": "node/8450339965",
        "bus": "yes",
        "highway": "bus_stop",
        "name": "Via Damiano Chiesa",
        "public_transport": "platform",
        "shelter": "no"
      },
      "geometry": {
        "type": "Point",
        "coordinates": [
          11.0193344,
          45.8862213
        ]
      },
      "id": "node/8450339965"
    },
    {
      "type": "Feature",
      "properties": {
        "@id": "node/8507682011",
        "bus": "yes",
        "highway": "bus_stop",
        "name": "Zaffoni",
        "public_transport": "platform"
      },
      "geometry": {
        "type": "Point",
        "coordinates": [
          11.0652731,
          45.8911565
        ]
      },
      "id": "node/8507682011"
    },
    {
      "type": "Feature",
      "properties": {
        "@id": "node/9444853371",
        "highway": "bus_stop",
        "name": "Via Benacense/Campo sportivo \"Prà de le mòneghe\"",
        "public_transport": "platform",
        "shelter": "yes"
      },
      "geometry": {
        "type": "Point",
        "coordinates": [
          11.0384662,
          45.8819808
        ]
      },
      "id": "node/9444853371"
    },
    {
      "type": "Feature",
      "properties": {
        "@id": "node/10020213467",
        "bench": "yes",
        "bin": "no",
        "highway": "bus_stop",
        "lit": "yes",
        "name": "Rovereto Via Manzoni Via Paoli",
        "public_transport": "platform",
        "shelter": "yes",
        "tactile_paving": "no"
      },
      "geometry": {
        "type": "Point",
        "coordinates": [
          11.0394595,
          45.8921319
        ]
      },
      "id": "node/10020213467"
    },
    {
      "type": "Feature",
      "properties": {
        "@id": "node/10020218101",
        "highway": "bus_stop",
        "name": "Rovereto Stazione FS",
        "public_transport": "platform"
      },
      "geometry": {
        "type": "Point",
        "coordinates": [
          11.03363,
          45.8898367
        ]
      },
      "id": "node/10020218101"
    },
    {
      "type": "Feature",
      "properties": {
        "@id": "node/10020225294",
        "bench": "yes",
        "highway": "bus_stop",
        "name": "Rovereto Via Manzoni",
        "public_transport": "platform",
        "shelter": "yes"
      },
      "geometry": {
        "type": "Point",
        "coordinates": [
          11.0389699,
          45.8923133
        ]
      },
      "id": "node/10020225294"
    },
    {
      "type": "Feature",
      "properties": {
        "@id": "node/10020230101",
        "bench": "no",
        "bin": "no",
        "bus": "yes",
        "highway": "bus_stop",
        "lit": "no",
        "name": "Rovereto Stazione FS",
        "public_transport": "platform",
        "shelter": "no",
        "tactile_paving": "no"
      },
      "geometry": {
        "type": "Point",
        "coordinates": [
          11.0339603,
          45.8891418
        ]
      },
      "id": "node/10020230101"
    },
    {
      "type": "Feature",
      "properties": {
        "@id": "node/10020235181",
        "highway": "bus_stop",
        "name": "SS240 Alla Staffa",
        "public_transport": "platform"
      },
      "geometry": {
        "type": "Point",
        "coordinates": [
          11.0244078,
          45.8728108
        ]
      },
      "id": "node/10020235181"
    },
    {
      "type": "Feature",
      "properties": {
        "@id": "node/10029300360",
        "bench": "yes",
        "bus": "yes",
        "departures_board": "yes",
        "highway": "bus_stop",
        "name": "S. Ilario",
        "operator": "Trentino Trasporti",
        "public_transport": "platform",
        "shelter": "yes"
      },
      "geometry": {
        "type": "Point",
        "coordinates": [
          11.0405371,
          45.907896
        ]
      },
      "id": "node/10029300360"
    },
    {
      "type": "Feature",
      "properties": {
        "@id": "node/10778010854",
        "bus": "yes",
        "highway": "bus_stop",
        "name": "Monte Ghello",
        "public_transport": "platform"
      },
      "geometry": {
        "type": "Point",
        "coordinates": [
          11.0662367,
          45.8870769
        ]
      },
      "id": "node/10778010854"
    },
    {
      "type": "Feature",
      "properties": {
        "@id": "node/10778012201",
        "bus": "yes",
        "highway": "bus_stop",
        "name": "Monte Ghello",
        "public_transport": "platform"
      },
      "geometry": {
        "type": "Point",
        "coordinates": [
          11.066228,
          45.8872946
        ]
      },
      "id": "node/10778012201"
    },
    {
      "type": "Feature",
      "properties": {
        "@id": "node/10797146138",
        "highway": "bus_stop",
        "name": "Saltaria",
        "public_transport": "platform",
        "shelter": "no"
      },
      "geometry": {
        "type": "Point",
        "coordinates": [
          11.0673645,
          45.8951775
        ]
      },
      "id": "node/10797146138"
    },
    {
      "type": "Feature",
      "properties": {
        "@id": "node/10810935898",
        "bench": "no",
        "bin": "no",
        "bus": "yes",
        "highway": "bus_stop",
        "lit": "no",
        "name": "Via Manzoni/A.S.M.",
        "public_transport": "platform",
        "shelter": "no",
        "tactile_paving": "no"
      },
      "geometry": {
        "type": "Point",
        "coordinates": [
          11.036268,
          45.8932412
        ]
      },
      "id": "node/10810935898"
    },
    {
      "type": "Feature",
      "properties": {
        "@id": "node/11411889281",
        "bus": "yes",
        "highway": "bus_stop",
        "name": "Ossario Castel Dante",
        "public_transport": "platform"
      },
      "geometry": {
        "type": "Point",
        "coordinates": [
          11.0357504,
          45.8722883
        ]
      },
      "id": "node/11411889281"
    },
    {
      "type": "Feature",
      "properties": {
        "@id": "node/11478749271",
        "bus": "yes",
        "highway": "bus_stop",
        "name": "Via Caffonara",
        "public_transport": "platform",
        "tram": "yes"
      },
      "geometry": {
        "type": "Point",
        "coordinates": [
          11.0342215,
          45.8865902
        ]
      },
      "id": "node/11478749271"
    },
    {
      "type": "Feature",
      "properties": {
        "@id": "node/11992014987",
        "bench": "no",
        "bin": "no",
        "highway": "bus_stop",
        "lit": "yes",
        "name": "Bosco della Città",
        "public_transport": "platform",
        "shelter": "no",
        "tactile_paving": "no"
      },
      "geometry": {
        "type": "Point",
        "coordinates": [
          11.0553843,
          45.9015333
        ]
      },
      "id": "node/11992014987"
    },
    {
      "type": "Feature",
      "properties": {
        "@id": "node/11992064217",
        "highway": "bus_stop",
        "name": "Maso Mortal",
        "public_transport": "platform"
      },
      "geometry": {
        "type": "Point",
        "coordinates": [
          11.079496,
          45.8829227
        ]
      },
      "id": "node/11992064217"
    },
    {
      "type": "Feature",
      "properties": {
        "@id": "node/11992064232",
        "highway": "bus_stop",
        "name": "Noriglio Beccachè",
        "public_transport": "platform"
      },
      "geometry": {
        "type": "Point",
        "coordinates": [
          11.0723586,
          45.882265
        ]
      },
      "id": "node/11992064232"
    },
    {
      "type": "Feature",
      "properties": {
        "@id": "node/11992069372",
        "bus": "yes",
        "highway": "bus_stop",
        "name": "SP2 bivio per Cisterna",
        "public_transport": "platform"
      },
      "geometry": {
        "type": "Point",
        "coordinates": [
          11.0754338,
          45.8812264
        ]
      },
      "id": "node/11992069372"
    },
    {
      "type": "Feature",
      "properties": {
        "@id": "node/11992069377",
        "bus": "yes",
        "highway": "bus_stop",
        "name": "bivio per Senter",
        "public_transport": "platform"
      },
      "geometry": {
        "type": "Point",
        "coordinates": [
          11.0775796,
          45.8813954
        ]
      },
      "id": "node/11992069377"
    },
    {
      "type": "Feature",
      "properties": {
        "@id": "node/11992069382",
        "bus": "yes",
        "highway": "bus_stop",
        "name": "Casa nel Bosco",
        "public_transport": "platform"
      },
      "geometry": {
        "type": "Point",
        "coordinates": [
          11.0764208,
          45.882385
        ]
      },
      "id": "node/11992069382"
    },
    {
      "type": "Feature",
      "properties": {
        "@id": "node/11992069383",
        "bus": "yes",
        "highway": "bus_stop",
        "name": "Casa nel Bosco",
        "public_transport": "platform"
      },
      "geometry": {
        "type": "Point",
        "coordinates": [
          11.0765268,
          45.8823962
        ]
      },
      "id": "node/11992069383"
    },
    {
      "type": "Feature",
      "properties": {
        "@id": "node/12811385206",
        "bus": "yes",
        "highway": "bus_stop",
        "name": "SS240 Mariani/Millenium nord",
        "public_transport": "platform"
      },
      "geometry": {
        "type": "Point",
        "coordinates": [
          11.0164788,
          45.870149
        ]
      },
      "id": "node/12811385206"
    },
    {
      "type": "Feature",
      "properties": {
        "@id": "node/12811385207",
        "bus": "yes",
        "highway": "bus_stop",
        "name": "Via Savioli",
        "public_transport": "platform"
      },
      "geometry": {
        "type": "Point",
        "coordinates": [
          11.037482,
          45.89207
        ]
      },
      "id": "node/12811385207"
    },
    {
      "type": "Feature",
      "properties": {
        "@id": "node/12830187127",
        "highway": "bus_stop",
        "name": "Rovereto Via Halbherr",
        "public_transport": "platform"
      },
      "geometry": {
        "type": "Point",
        "coordinates": [
          11.0376334,
          45.8852996
        ]
      },
      "id": "node/12830187127"
    },
    {
      "type": "Feature",
      "properties": {
        "@id": "node/12830187128",
        "bus": "yes",
        "highway": "bus_stop",
        "name": "Lizzana scuole medie",
        "public_transport": "platform"
      },
      "geometry": {
        "type": "Point",
        "coordinates": [
          11.0309909,
          45.869995
        ]
      },
      "id": "node/12830187128"
    },
    {
      "type": "Feature",
      "properties": {
        "@id": "node/12830187129",
        "bus": "yes",
        "highway": "bus_stop",
        "name": "Marco Zona Ind.le",
        "public_transport": "platform"
      },
      "geometry": {
        "type": "Point",
        "coordinates": [
          11.0108113,
          45.8314307
        ]
      },
      "id": "node/12830187129"
    },
    {
      "type": "Feature",
      "properties": {
        "@id": "node/12830187130",
        "bus": "yes",
        "highway": "bus_stop",
        "name": "Marco Via Varini",
        "public_transport": "platform"
      },
      "geometry": {
        "type": "Point",
        "coordinates": [
          11.0111761,
          45.8368465
        ]
      },
      "id": "node/12830187130"
    },
    {
      "type": "Feature",
      "properties": {
        "@id": "node/12830545634",
        "bus": "yes",
        "highway": "bus_stop",
        "name": "Marco Via li Novembre 30/Via Pinera",
        "public_transport": "platform"
      },
      "geometry": {
        "type": "Point",
        "coordinates": [
          11.012308,
          45.8490665
        ]
      },
      "id": "node/12830545634"
    },
    {
      "type": "Feature",
      "properties": {
        "@id": "node/12830545635",
        "bus": "yes",
        "highway": "bus_stop",
        "name": "Marco-lavini",
        "public_transport": "platform"
      },
      "geometry": {
        "type": "Point",
        "coordinates": [
          11.015473,
          45.8541219
        ]
      },
      "id": "node/12830545635"
    },
    {
      "type": "Feature",
      "properties": {
        "@id": "node/12830545636",
        "bus": "yes",
        "highway": "bus_stop",
        "name": "Lizzana Via al Cristo",
        "public_transport": "platform",
        "shelter": "yes"
      },
      "geometry": {
        "type": "Point",
        "coordinates": [
          11.0305095,
          45.8669133
        ]
      },
      "id": "node/12830545636"
    },
    {
      "type": "Feature",
      "properties": {
        "@id": "node/12857102108",
        "highway": "bus_stop",
        "name": "Via. Dei Colli tornante",
        "public_transport": "platform"
      },
      "geometry": {
        "type": "Point",
        "coordinates": [
          11.0550161,
          45.8884226
        ]
      },
      "id": "node/12857102108"
    },
    {
      "type": "Feature",
      "properties": {
        "@id": "node/12857102109",
        "highway": "bus_stop",
        "name": "Via Dei Colli Scol. P.le Pat",
        "public_transport": "platform"
      },
      "geometry": {
        "type": "Point",
        "coordinates": [
          11.0517679,
          45.8885235
        ]
      },
      "id": "node/12857102109"
    },
    {
      "type": "Feature",
      "properties": {
        "@id": "node/12857102113",
        "bus": "yes",
        "highway": "bus_stop",
        "name": "Noriglio Loc. Masi Brenta",
        "public_transport": "platform"
      },
      "geometry": {
        "type": "Point",
        "coordinates": [
          11.0861224,
          45.8777748
        ]
      },
      "id": "node/12857102113"
    },
    {
      "type": "Feature",
      "properties": {
        "@id": "node/12858135610",
        "bench": "no",
        "bin": "yes",
        "bus": "yes",
        "highway": "bus_stop",
        "lit": "no",
        "name": "Viale dei Colli Bellavista",
        "public_transport": "platform",
        "shelter": "no",
        "tactile_paving": "no"
      },
      "geometry": {
        "type": "Point",
        "coordinates": [
          11.0469729,
          45.8910312
        ]
      },
      "id": "node/12858135610"
    },
    {
      "type": "Feature",
      "properties": {
        "@id": "node/12858521832",
        "highway": "bus_stop",
        "name": "Viale Zugna 13",
        "public_transport": "platform",
        "shelter": "yes"
      },
      "geometry": {
        "type": "Point",
        "coordinates": [
          11.0468763,
          45.884366
        ]
      },
      "id": "node/12858521832"
    },
    {
      "type": "Feature",
      "properties": {
        "@id": "node/12858521833",
        "highway": "bus_stop",
        "name": "Via Schio 19",
        "public_transport": "platform",
        "shelter": "yes"
      },
      "geometry": {
        "type": "Point",
        "coordinates": [
          11.0434136,
          45.8835781
        ]
      },
      "id": "node/12858521833"
    },
    {
      "type": "Feature",
      "properties": {
        "@id": "node/12858521834",
        "highway": "bus_stop",
        "name": "Via S.Maria 66",
        "public_transport": "platform",
        "shelter": "yes"
      },
      "geometry": {
        "type": "Point",
        "coordinates": [
          11.0432231,
          45.8847525
        ]
      },
      "id": "node/12858521834"
    },
    {
      "type": "Feature",
      "properties": {
        "@id": "node/12879310941",
        "bus": "yes",
        "highway": "bus_stop",
        "name": "Rovereto Via Vicenca/Via Asiago \"Rist. S.Colombano\"",
        "public_transport": "platform"
      },
      "geometry": {
        "type": "Point",
        "coordinates": [
          11.0598743,
          45.8854284
        ]
      },
      "id": "node/12879310941"
    },
    {
      "type": "Feature",
      "properties": {
        "@id": "node/12879310942",
        "bus": "yes",
        "highway": "bus_stop",
        "name": "Rovereto EX. Cartiera ATI",
        "public_transport": "platform"
      },
      "geometry": {
        "type": "Point",
        "coordinates": [
          11.0508406,
          45.8873571
        ]
      },
      "id": "node/12879310942"
    },
    {
      "type": "Feature",
      "properties": {
        "@id": "node/12879310952",
        "bus": "yes",
        "highway": "bus_stop",
        "name": "Trattoria Genovesa",
        "public_transport": "platform"
      },
      "geometry": {
        "type": "Point",
        "coordinates": [
          11.0627121,
          45.8823271
        ]
      },
      "id": "node/12879310952"
    },
    {
      "type": "Feature",
      "properties": {
        "@id": "node/12917441388",
        "highway": "bus_stop",
        "name": "Viale Zugna 48",
        "public_transport": "platform",
        "shelter": "yes"
      },
      "geometry": {
        "type": "Point",
        "coordinates": [
          11.0491991,
          45.8843175
        ]
      },
      "id": "node/12917441388"
    },
    {
      "type": "Feature",
      "properties": {
        "@id": "node/12925916358",
        "bus": "yes",
        "highway": "bus_stop",
        "name": "Rovereto scuola medie Negrelli",
        "public_transport": "platform"
      },
      "geometry": {
        "type": "Point",
        "coordinates": [
          11.043089,
          45.8968892
        ]
      },
      "id": "node/12925916358"
    },
    {
      "type": "Feature",
      "properties": {
        "@id": "node/12940689004",
        "highway": "bus_stop",
        "name": "SS240 Lizanella \"alla Staffa\"",
        "public_transport": "platform"
      },
      "geometry": {
        "type": "Point",
        "coordinates": [
          11.0244584,
          45.8726692
        ]
      },
      "id": "node/12940689004"
    },
    {
      "type": "Feature",
      "properties": {
        "@id": "node/12949736854",
        "bench": "yes",
        "highway": "bus_stop",
        "name": "Marco chiesa",
        "public_transport": "platform",
        "shelter": "no"
      },
      "geometry": {
        "type": "Point",
        "coordinates": [
          11.0076946,
          45.8421459
        ]
      },
      "id": "node/12949736854"
    },
    {
      "type": "Feature",
      "properties": {
        "@id": "node/12949736855",
        "bench": "yes",
        "highway": "bus_stop",
        "name": "Marco nord",
        "public_transport": "platform"
      },
      "geometry": {
        "type": "Point",
        "coordinates": [
          11.012764,
          45.8499483
        ]
      },
      "id": "node/12949736855"
    },
    {
      "type": "Feature",
      "properties": {
        "@id": "node/12949736856",
        "bench": "yes",
        "bin": "yes",
        "bus": "yes",
        "highway": "bus_stop",
        "name": "Via Dante mon all`Alpino",
        "public_transport": "platform",
        "shelter": "yes"
      },
      "geometry": {
        "type": "Point",
        "coordinates": [
          11.0402472,
          45.8863535
        ]
      },
      "id": "node/12949736856"
    },
    {
      "type": "Feature",
      "properties": {
        "@id": "node/12949736857",
        "bus": "yes",
        "highway": "bus_stop",
        "name": "Via Cavour",
        "public_transport": "platform",
        "tram": "yes"
      },
      "geometry": {
        "type": "Point",
        "coordinates": [
          11.0381216,
          45.8870696
        ]
      },
      "id": "node/12949736857"
    },
    {
      "type": "Feature",
      "properties": {
        "@id": "node/12949736858",
        "bench": "no",
        "bin": "yes",
        "bus": "yes",
        "highway": "bus_stop",
        "lit": "yes",
        "name": "Corso Bettini/MART",
        "public_transport": "platform",
        "shelter": "no",
        "tactile_paving": "no"
      },
      "geometry": {
        "type": "Point",
        "coordinates": [
          11.0436389,
          45.8931781
        ]
      },
      "id": "node/12949736858"
    },
    {
      "type": "Feature",
      "properties": {
        "@id": "node/12949871586",
        "bench": "no",
        "bus": "yes",
        "highway": "bus_stop",
        "name": "Via Della Libertà",
        "public_transport": "platform",
        "shelter": "no"
      },
      "geometry": {
        "type": "Point",
        "coordinates": [
          11.0176992,
          45.8851465
        ]
      },
      "id": "node/12949871586"
    },
    {
      "type": "Feature",
      "properties": {
        "@id": "node/12949871587",
        "bench": "no",
        "bin": "no",
        "bus": "yes",
        "highway": "bus_stop",
        "lit": "yes",
        "name": "Piazza manifattura",
        "public_transport": "platform",
        "shelter": "no",
        "tactile_paving": "no"
      },
      "geometry": {
        "type": "Point",
        "coordinates": [
          11.0209648,
          45.8838638
        ]
      },
      "id": "node/12949871587"
    },
    {
      "type": "Feature",
      "properties": {
        "@id": "node/12949871588",
        "bus": "yes",
        "highway": "bus_stop",
        "name": "Viale Vittoria Fucine",
        "public_transport": "platform"
      },
      "geometry": {
        "type": "Point",
        "coordinates": [
          11.0290235,
          45.8862854
        ]
      },
      "id": "node/12949871588"
    },
    {
      "type": "Feature",
      "properties": {
        "@id": "node/12949871589",
        "bus": "yes",
        "highway": "bus_stop",
        "name": "Via Bellini",
        "public_transport": "platform"
      },
      "geometry": {
        "type": "Point",
        "coordinates": [
          11.044693,
          45.899174
        ]
      },
      "id": "node/12949871589"
    },
    {
      "type": "Feature",
      "properties": {
        "@id": "node/12949871590",
        "bus": "yes",
        "highway": "bus_stop",
        "name": "Clinica Solatrix",
        "public_transport": "platform"
      },
      "geometry": {
        "type": "Point",
        "coordinates": [
          11.0453957,
          45.8978972
        ]
      },
      "id": "node/12949871590"
    },
    {
      "type": "Feature",
      "properties": {
        "@id": "node/12949871591",
        "bus": "yes",
        "highway": "bus_stop",
        "name": "Via Comel",
        "public_transport": "platform"
      },
      "geometry": {
        "type": "Point",
        "coordinates": [
          11.0420644,
          45.9039878
        ]
      },
      "id": "node/12949871591"
    },
    {
      "type": "Feature",
      "properties": {
        "@id": "node/12950041019",
        "bus": "yes",
        "highway": "bus_stop",
        "name": "Via 13 Settembre",
        "public_transport": "platform"
      },
      "geometry": {
        "type": "Point",
        "coordinates": [
          11.0416058,
          45.9083364
        ]
      },
      "id": "node/12950041019"
    },
    {
      "type": "Feature",
      "properties": {
        "@id": "node/12950041020",
        "bus": "yes",
        "highway": "bus_stop",
        "name": "Via Tiella",
        "public_transport": "platform"
      },
      "geometry": {
        "type": "Point",
        "coordinates": [
          11.0436282,
          45.9076925
        ]
      },
      "id": "node/12950041020"
    },
    {
      "type": "Feature",
      "properties": {
        "@id": "node/12951072737",
        "bench": "no",
        "bin": "no",
        "bus": "yes",
        "highway": "bus_stop",
        "lit": "no",
        "name": "S.Ilario Iti",
        "public_transport": "platform",
        "shelter": "no",
        "tactile_paving": "no"
      },
      "geometry": {
        "type": "Point",
        "coordinates": [
          11.0417479,
          45.9102363
        ]
      },
      "id": "node/12951072737"
    },
    {
      "type": "Feature",
      "properties": {
        "@id": "node/12951141985",
        "bus": "yes",
        "highway": "bus_stop",
        "name": "SS240 Mariani/Millenium nord",
        "public_transport": "platform"
      },
      "geometry": {
        "type": "Point",
        "coordinates": [
          11.0166988,
          45.8700958
        ]
      },
      "id": "node/12951141985"
    },
    {
      "type": "Feature",
      "properties": {
        "@id": "node/12951141986",
        "bench": "no",
        "bin": "no",
        "bus": "yes",
        "highway": "bus_stop",
        "lit": "yes",
        "name": "SP23 Nero Cubo",
        "public_transport": "platform",
        "shelter": "no",
        "tactile_paving": "no"
      },
      "geometry": {
        "type": "Point",
        "coordinates": [
          11.0020405,
          45.8557919
        ]
      },
      "id": "node/12951141986"
    },
    {
      "type": "Feature",
      "properties": {
        "@id": "node/12951141987",
        "bus": "yes",
        "highway": "bus_stop",
        "name": "Marco Parco Ex De Bellat",
        "public_transport": "platform"
      },
      "geometry": {
        "type": "Point",
        "coordinates": [
          11.0071903,
          45.8436295
        ]
      },
      "id": "node/12951141987"
    },
    {
      "type": "Feature",
      "properties": {
        "@id": "node/12951141988",
        "bus": "yes",
        "highway": "bus_stop",
        "name": "Marco Via S.Romedio",
        "public_transport": "platform"
      },
      "geometry": {
        "type": "Point",
        "coordinates": [
          11.0042667,
          45.8463238
        ]
      },
      "id": "node/12951141988"
    },
    {
      "type": "Feature",
      "properties": {
        "@id": "node/12951141989",
        "bench": "no",
        "bin": "yes",
        "bus": "yes",
        "highway": "bus_stop",
        "name": "Viale dell industria",
        "public_transport": "platform",
        "shelter": "no"
      },
      "geometry": {
        "type": "Point",
        "coordinates": [
          11.0207301,
          45.8715655
        ]
      },
      "id": "node/12951141989"
    },
    {
      "type": "Feature",
      "properties": {
        "@id": "node/12951141990",
        "bench": "no",
        "bin": "no",
        "bus": "yes",
        "highway": "bus_stop",
        "name": "Viale dell industria",
        "public_transport": "platform",
        "shelter": "no"
      },
      "geometry": {
        "type": "Point",
        "coordinates": [
          11.020875,
          45.8717952
        ]
      },
      "id": "node/12951141990"
    },
    {
      "type": "Feature",
      "properties": {
        "@id": "node/12951141991",
        "bench": "no",
        "bin": "no",
        "bus": "yes",
        "highway": "bus_stop",
        "lit": "yes",
        "name": "Viale del Lavoro Chizzola",
        "public_transport": "platform",
        "shelter": "no",
        "tactile_paving": "no"
      },
      "geometry": {
        "type": "Point",
        "coordinates": [
          11.0219747,
          45.8683888
        ]
      },
      "id": "node/12951141991"
    },
    {
      "type": "Feature",
      "properties": {
        "@id": "node/12951141992",
        "bench": "no",
        "bin": "no",
        "bus": "yes",
        "highway": "bus_stop",
        "lit": "yes",
        "name": "Viale del Lavoro Alticarta",
        "public_transport": "platform",
        "shelter": "no",
        "tactile_paving": "no"
      },
      "geometry": {
        "type": "Point",
        "coordinates": [
          11.0238388,
          45.8663679
        ]
      },
      "id": "node/12951141992"
    },
    {
      "type": "Feature",
      "properties": {
        "@id": "node/12951141993",
        "bench": "no",
        "bin": "no",
        "bus": "yes",
        "highway": "bus_stop",
        "name": "Viale del Lavoro recovercenter",
        "public_transport": "platform",
        "shelter": "no"
      },
      "geometry": {
        "type": "Point",
        "coordinates": [
          11.0270092,
          45.863796
        ]
      },
      "id": "node/12951141993"
    },
    {
      "type": "Feature",
      "properties": {
        "@id": "node/12952224488",
        "bus": "yes",
        "highway": "bus_stop",
        "name": "Via Tonetti",
        "public_transport": "platform"
      },
      "geometry": {
        "type": "Point",
        "coordinates": [
          11.0377702,
          45.9027653
        ]
      },
      "id": "node/12952224488"
    },
    {
      "type": "Feature",
      "properties": {
        "@id": "node/12952224489",
        "bus": "yes",
        "highway": "bus_stop",
        "name": "Stadio Quercia",
        "public_transport": "platform"
      },
      "geometry": {
        "type": "Point",
        "coordinates": [
          11.0363426,
          45.9011241
        ]
      },
      "id": "node/12952224489"
    },
    {
      "type": "Feature",
      "properties": {
        "@id": "node/12952224490",
        "bus": "yes",
        "highway": "bus_stop",
        "name": "Via Cipressi",
        "public_transport": "platform"
      },
      "geometry": {
        "type": "Point",
        "coordinates": [
          11.0327223,
          45.8702022
        ]
      },
      "id": "node/12952224490"
    },
    {
      "type": "Feature",
      "properties": {
        "@id": "node/12952224491",
        "bus": "yes",
        "highway": "bus_stop",
        "name": "Via della Cisterna",
        "public_transport": "platform"
      },
      "geometry": {
        "type": "Point",
        "coordinates": [
          11.0348117,
          45.8680115
        ]
      },
      "id": "node/12952224491"
    },
    {
      "type": "Feature",
      "properties": {
        "@id": "node/12952224492",
        "bus": "yes",
        "highway": "bus_stop",
        "name": "Via Cornacalda",
        "public_transport": "platform"
      },
      "geometry": {
        "type": "Point",
        "coordinates": [
          11.035096,
          45.8667377
        ]
      },
      "id": "node/12952224492"
    },
    {
      "type": "Feature",
      "properties": {
        "@id": "node/12952224493",
        "bus": "yes",
        "highway": "bus_stop",
        "name": "Largo San Floriano",
        "public_transport": "platform"
      },
      "geometry": {
        "type": "Point",
        "coordinates": [
          11.0326606,
          45.8665472
        ]
      },
      "id": "node/12952224493"
    },
    {
      "type": "Feature",
      "properties": {
        "@id": "node/12952224494",
        "bus": "yes",
        "highway": "bus_stop",
        "name": "Piazza Guella",
        "public_transport": "platform"
      },
      "geometry": {
        "type": "Point",
        "coordinates": [
          11.0319257,
          45.8675446
        ]
      },
      "id": "node/12952224494"
    },
    {
      "type": "Feature",
      "properties": {
        "@id": "node/12952224495",
        "bus": "yes",
        "highway": "bus_stop",
        "name": "Corso Verona ospedale",
        "public_transport": "platform"
      },
      "geometry": {
        "type": "Point",
        "coordinates": [
          11.0405222,
          45.8823309
        ]
      },
      "id": "node/12952224495"
    },
    {
      "type": "Feature",
      "properties": {
        "@id": "node/12952224496",
        "bench": "yes",
        "bin": "no",
        "bus": "yes",
        "highway": "bus_stop",
        "lit": "yes",
        "name": "Via Dante/Borgo Santa Caterina",
        "public_transport": "platform",
        "shelter": "no",
        "tactile_paving": "no"
      },
      "geometry": {
        "type": "Point",
        "coordinates": [
          11.0404001,
          45.8897459
        ]
      },
      "id": "node/12952224496"
    },
    {
      "type": "Feature",
      "properties": {
        "@id": "node/12952224497",
        "bus": "yes",
        "highway": "bus_stop",
        "name": "Borgo Santa Caterina",
        "public_transport": "platform"
      },
      "geometry": {
        "type": "Point",
        "coordinates": [
          11.0396142,
          45.8898504
        ]
      },
      "id": "node/12952224497"
    },
    {
      "type": "Feature",
      "properties": {
        "@id": "node/12952224498",
        "bus": "yes",
        "highway": "bus_stop",
        "name": "Via Campagnole",
        "public_transport": "platform"
      },
      "geometry": {
        "type": "Point",
        "coordinates": [
          11.0371667,
          45.8893771
        ]
      },
      "id": "node/12952224498"
    },
    {
      "type": "Feature",
      "properties": {
        "@id": "node/12952224499",
        "bus": "yes",
        "highway": "bus_stop",
        "name": "Via Cesari Stazione FS",
        "public_transport": "platform"
      },
      "geometry": {
        "type": "Point",
        "coordinates": [
          11.0357264,
          45.8901911
        ]
      },
      "id": "node/12952224499"
    },
    {
      "type": "Feature",
      "properties": {
        "@id": "node/12952224500",
        "bus": "yes",
        "highway": "bus_stop",
        "name": "Via F.Zeni \"centro Tecnofin\"",
        "public_transport": "platform"
      },
      "geometry": {
        "type": "Point",
        "coordinates": [
          11.0327223,
          45.891104
        ]
      },
      "id": "node/12952224500"
    },
    {
      "type": "Feature",
      "properties": {
        "@id": "node/12952233101",
        "bus": "yes",
        "highway": "bus_stop",
        "name": "Via Balista",
        "public_transport": "platform"
      },
      "geometry": {
        "type": "Point",
        "coordinates": [
          11.032607,
          45.8952129
        ]
      },
      "id": "node/12952233101"
    },
    {
      "type": "Feature",
      "properties": {
        "@id": "node/12952233102",
        "bus": "yes",
        "highway": "bus_stop",
        "name": "Via Magazol Via Cimarosa",
        "public_transport": "platform"
      },
      "geometry": {
        "type": "Point",
        "coordinates": [
          11.0404685,
          45.8998609
        ]
      },
      "id": "node/12952233102"
    },
    {
      "type": "Feature",
      "properties": {
        "@id": "node/12952366564",
        "bus": "yes",
        "highway": "bus_stop",
        "name": "Via Puccini Via Perosi",
        "public_transport": "platform"
      },
      "geometry": {
        "type": "Point",
        "coordinates": [
          11.0446501,
          45.9044674
        ]
      },
      "id": "node/12952366564"
    },
    {
      "type": "Feature",
      "properties": {
        "@id": "node/12952366565",
        "bench": "yes",
        "bin": "yes",
        "bus": "yes",
        "highway": "bus_stop",
        "lit": "yes",
        "name": "Via Magazol/Viale Trento",
        "public_transport": "platform",
        "shelter": "no",
        "tactile_paving": "no"
      },
      "geometry": {
        "type": "Point",
        "coordinates": [
          11.0419866,
          45.8992038
        ]
      },
      "id": "node/12952366565"
    },
    {
      "type": "Feature",
      "properties": {
        "@id": "node/12952366566",
        "bus": "yes",
        "highway": "bus_stop",
        "name": "Via Cittadella / Via Mozart",
        "public_transport": "platform"
      },
      "geometry": {
        "type": "Point",
        "coordinates": [
          11.0401118,
          45.9014363
        ]
      },
      "id": "node/12952366566"
    },
    {
      "type": "Feature",
      "properties": {
        "@id": "node/12952366567",
        "bus": "yes",
        "highway": "bus_stop",
        "name": "Via Monte Corno",
        "public_transport": "platform",
        "shelter": "no"
      },
      "geometry": {
        "type": "Point",
        "coordinates": [
          11.0376683,
          45.8934002
        ]
      },
      "id": "node/12952366567"
    },
    {
      "type": "Feature",
      "properties": {
        "@id": "node/12952366570",
        "bus": "yes",
        "highway": "bus_stop",
        "name": "Via Rovigo",
        "public_transport": "platform"
      },
      "geometry": {
        "type": "Point",
        "coordinates": [
          11.0386124,
          45.8803684
        ]
      },
      "id": "node/12952366570"
    },
    {
      "type": "Feature",
      "properties": {
        "@id": "node/12952366571",
        "bus": "yes",
        "highway": "bus_stop",
        "name": "Via Circonvallazione",
        "public_transport": "platform"
      },
      "geometry": {
        "type": "Point",
        "coordinates": [
          11.0386714,
          45.8832122
        ]
      },
      "id": "node/12952366571"
    },
    {
      "type": "Feature",
      "properties": {
        "@id": "node/12952366572",
        "bus": "yes",
        "fixme": "Since the pedestrianization of Via Lungo Leno destro in the  early 2020s buses must have been rerouted.",
        "highway": "bus_stop",
        "name": "Via Lungo Leno destro",
        "public_transport": "platform"
      },
      "geometry": {
        "type": "Point",
        "coordinates": [
          11.0387371,
          45.8849112
        ]
      },
      "id": "node/12952366572"
    },
    {
      "type": "Feature",
      "properties": {
        "@id": "node/12952366573",
        "bus": "yes",
        "highway": "bus_stop",
        "name": "Via Pellico Brione",
        "public_transport": "platform"
      },
      "geometry": {
        "type": "Point",
        "coordinates": [
          11.042574,
          45.9043331
        ]
      },
      "id": "node/12952366573"
    },
    {
      "type": "Feature",
      "properties": {
        "@id": "node/12952366574",
        "bus": "yes",
        "highway": "bus_stop",
        "name": "Via Salvetti",
        "public_transport": "platform"
      },
      "geometry": {
        "type": "Point",
        "coordinates": [
          11.0430837,
          45.9058635
        ]
      },
      "id": "node/12952366574"
    },
    {
      "type": "Feature",
      "properties": {
        "@id": "node/12952366575",
        "bus": "yes",
        "highway": "bus_stop",
        "name": "Via Givannini",
        "public_transport": "platform"
      },
      "geometry": {
        "type": "Point",
        "coordinates": [
          11.0431158,
          45.9071177
        ]
      },
      "id": "node/12952366575"
    },
    {
      "type": "Feature",
      "properties": {
        "@id": "node/12953468989",
        "bus": "yes",
        "highway": "bus_stop",
        "name": "Via Cafour / Via Riva",
        "public_transport": "platform"
      },
      "geometry": {
        "type": "Point",
        "coordinates": [
          11.033885,
          45.8873244
        ]
      },
      "id": "node/12953468989"
    },
    {
      "type": "Feature",
      "properties": {
        "@id": "node/12953468990",
        "bus": "yes",
        "highway": "bus_stop",
        "name": "Via Zotti / Via Cevedale",
        "public_transport": "platform"
      },
      "geometry": {
        "type": "Point",
        "coordinates": [
          11.025711,
          45.8857365
        ]
      },
      "id": "node/12953468990"
    },
    {
      "type": "Feature",
      "properties": {
        "@id": "node/12953468991",
        "bus": "yes",
        "highway": "bus_stop",
        "name": "Via Brigata Mantova",
        "public_transport": "platform"
      },
      "geometry": {
        "type": "Point",
        "coordinates": [
          11.0360563,
          45.8684448
        ]
      },
      "id": "node/12953468991"
    },
    {
      "type": "Feature",
      "properties": {
        "@id": "node/12953468992",
        "bus": "yes",
        "highway": "bus_stop",
        "name": "Strada degli Artiglieri",
        "public_transport": "platform"
      },
      "geometry": {
        "type": "Point",
        "coordinates": [
          11.0365927,
          45.8698604
        ]
      },
      "id": "node/12953468992"
    },
    {
      "type": "Feature",
      "properties": {
        "@id": "node/12953721089",
        "bench": "no",
        "bus": "yes",
        "highway": "bus_stop",
        "name": "Noriglio mon.caduti",
        "public_transport": "platform"
      },
      "geometry": {
        "type": "Point",
        "coordinates": [
          11.0704154,
          45.883537
        ]
      },
      "id": "node/12953721089"
    },
    {
      "type": "Feature",
      "properties": {
        "@id": "node/12953721090",
        "bench": "no",
        "bus": "yes",
        "highway": "bus_stop",
        "name": "Via Sighele stazione fs",
        "public_transport": "platform"
      },
      "geometry": {
        "type": "Point",
        "coordinates": [
          11.0354058,
          45.8910984
        ]
      },
      "id": "node/12953721090"
    },
    {
      "type": "Feature",
      "properties": {
        "@id": "node/12953962441",
        "highway": "bus_stop",
        "name": "Senter",
        "public_transport": "platform",
        "shelter": "yes"
      },
      "geometry": {
        "type": "Point",
        "coordinates": [
          11.0835796,
          45.8787122
        ]
      },
      "id": "node/12953962441"
    },
    {
      "type": "Feature",
      "properties": {
        "@id": "node/12953962442",
        "highway": "bus_stop",
        "name": "Toldi",
        "public_transport": "platform",
        "shelter": "yes"
      },
      "geometry": {
        "type": "Point",
        "coordinates": [
          11.0616231,
          45.89811
        ]
      },
      "id": "node/12953962442"
    },
    {
      "type": "Feature",
      "properties": {
        "@id": "node/12953962443",
        "highway": "bus_stop",
        "name": "SP2 Noriglio",
        "public_transport": "platform",
        "shelter": "yes"
      },
      "geometry": {
        "type": "Point",
        "coordinates": [
          11.070233,
          45.8843735
        ]
      },
      "id": "node/12953962443"
    },
    {
      "type": "Feature",
      "properties": {
        "@id": "node/12953962444",
        "highway": "bus_stop",
        "name": "Noriglio cassa rurale",
        "public_transport": "platform",
        "shelter": "yes"
      },
      "geometry": {
        "type": "Point",
        "coordinates": [
          11.0692996,
          45.8837536
        ]
      },
      "id": "node/12953962444"
    },
    {
      "type": "Feature",
      "properties": {
        "@id": "node/12953962445",
        "bus": "yes",
        "highway": "bus_stop",
        "name": "Campana dei Caduti",
        "public_transport": "platform"
      },
      "geometry": {
        "type": "Point",
        "coordinates": [
          11.0411739,
          45.8743462
        ]
      },
      "id": "node/12953962445"
    },
    {
      "type": "Feature",
      "properties": {
        "@id": "node/12953962446",
        "bus": "yes",
        "highway": "bus_stop",
        "name": "Porto Via Miravelle",
        "public_transport": "platform"
      },
      "geometry": {
        "type": "Point",
        "coordinates": [
          11.0469675,
          45.8798661
        ]
      },
      "id": "node/12953962446"
    },
    {
      "type": "Feature",
      "properties": {
        "@id": "node/12953962449",
        "bus": "yes",
        "highway": "bus_stop",
        "name": "Noriglio parco alla Pozze",
        "public_transport": "platform"
      },
      "geometry": {
        "type": "Point",
        "coordinates": [
          11.0654586,
          45.8843772
        ]
      },
      "id": "node/12953962449"
    },
    {
      "type": "Feature",
      "properties": {
        "@id": "node/12953962450",
        "bus": "yes",
        "highway": "bus_stop",
        "name": "Noriglio Via Jacob",
        "public_transport": "platform"
      },
      "geometry": {
        "type": "Point",
        "coordinates": [
          11.067591,
          45.8838283
        ]
      },
      "id": "node/12953962450"
    },
    {
      "type": "Feature",
      "properties": {
        "@id": "node/12953962451",
        "bus": "yes",
        "highway": "bus_stop",
        "name": "Moietto",
        "public_transport": "platform"
      },
      "geometry": {
        "type": "Point",
        "coordinates": [
          11.0859078,
          45.8946827
        ]
      },
      "id": "node/12953962451"
    },
    {
      "type": "Feature",
      "properties": {
        "@id": "node/12954370191",
        "bus": "yes",
        "highway": "bus_stop",
        "name": "SS240 MEB",
        "public_transport": "platform",
        "shelter": "no"
      },
      "geometry": {
        "type": "Point",
        "coordinates": [
          11.0120371,
          45.8679218
        ]
      },
      "id": "node/12954370191"
    },
    {
      "type": "Feature",
      "properties": {
        "@id": "node/12954370193",
        "highway": "bus_stop",
        "name": "Via del Garda / Via Porte Rosse",
        "public_transport": "platform"
      },
      "geometry": {
        "type": "Point",
        "coordinates": [
          11.0283047,
          45.8728933
        ]
      },
      "id": "node/12954370193"
    },
    {
      "type": "Feature",
      "properties": {
        "@id": "node/13161449981",
        "bench": "yes",
        "bin": "no",
        "bus": "yes",
        "highway": "bus_stop",
        "public_transport": "platform",
        "shelter": "yes",
        "tactile_paving": "no"
      },
      "geometry": {
        "type": "Point",
        "coordinates": [
          11.0325948,
          45.8908686
        ]
      },
      "id": "node/13161449981"
    }
  ]
}