{
  "type": "FeatureCollection",
  "generator": "overpass-turbo",
  "copyright": "The data included in this document is from www.openstreetmap.org. The data is made available under ODbL.",
  "timestamp": "2026-05-21T09:36:44Z",
  "features": [
    {
      "type": "Feature",
      "properties": {
        "@id": "relation/1385970",
        "access": "private",
        "amenity": "parking",
        "fee": "yes",
        "park_ride": "no",
        "parking": "surface",
        "type": "multipolygon"
      },
      "geometry": {
        "type": "Polygon",
        "coordinates": [
          [
            [
              11.0386258,
              45.9049023
            ],
            [
              11.0386661,
              45.9049863
            ],
            [
              11.0380194,
              45.9052195
            ],
            [
              11.0376963,
              45.9049734
            ],
            [
              11.0378646,
              45.9048554
            ],
            [
              11.037645,
              45.9046941
            ],
            [
              11.0375918,
              45.9047229
            ],
            [
              11.0374321,
              45.9048086
            ],
            [
              11.0371173,
              45.904556
            ],
            [
              11.036794,
              45.904281
            ],
            [
              11.0365862,
              45.904053
            ],
            [
              11.0366242,
              45.904011
            ],
            [
              11.0366764,
              45.9039801
            ],
            [
              11.036882,
              45.9039345
            ],
            [
              11.0368755,
              45.9039157
            ],
            [
              11.036869,
              45.903897
            ],
            [
              11.0372388,
              45.9038109
            ],
            [
              11.0374784,
              45.9039012
            ],
            [
              11.0376324,
              45.9039665
            ],
            [
              11.0377532,
              45.9040739
            ],
            [
              11.0376715,
              45.904265
            ],
            [
              11.0375869,
              45.9044401
            ],
            [
              11.0376798,
              45.9046086
            ],
            [
              11.0378055,
              45.9046912
            ],
            [
              11.0379997,
              45.9048138
            ],
            [
              11.0386258,
              45.9049023
            ]
          ]
        ]
      },
      "id": "relation/1385970"
    },
    {
      "type": "Feature",
      "properties": {
        "@id": "relation/1777903",
        "access": "designated",
        "amenity": "parking",
        "surface": "asphalt",
        "type": "multipolygon"
      },
      "geometry": {
        "type": "Polygon",
        "coordinates": [
          [
            [
              11.0402923,
              45.8976033
            ],
            [
              11.0401729,
              45.8976087
            ],
            [
              11.0401494,
              45.8974861
            ],
            [
              11.0406345,
              45.897451
            ],
            [
              11.0406355,
              45.8975327
            ],
            [
              11.0406411,
              45.8975999
            ],
            [
              11.0402923,
              45.8976033
            ]
          ]
        ]
      },
      "id": "relation/1777903"
    },
    {
      "type": "Feature",
      "properties": {
        "@id": "relation/1931608",
        "access": "yes",
        "amenity": "parking",
        "fee": "no",
        "parking": "surface",
        "surface": "asphalt",
        "type": "multipolygon"
      },
      "geometry": {
        "type": "Polygon",
        "coordinates": [
          [
            [
              11.0426261,
              45.8978382
            ],
            [
              11.0424985,
              45.8983231
            ],
            [
              11.0423752,
              45.8982964
            ],
            [
              11.0425787,
              45.8976773
            ],
            [
              11.0428061,
              45.8970498
            ],
            [
              11.0429128,
              45.8970801
            ],
            [
              11.0428733,
              45.8971625
            ],
            [
              11.0427006,
              45.8975847
            ],
            [
              11.0426261,
              45.8978382
            ]
          ]
        ]
      },
      "id": "relation/1931608"
    },
    {
      "type": "Feature",
      "properties": {
        "@id": "relation/1952138",
        "access": "designated",
        "amenity": "parking",
        "barrier": "fence",
        "parking": "surface",
        "source": "PCN ortofoto_colore 2006 - autorizzazione 10687/TRI",
        "type": "multipolygon"
      },
      "geometry": {
        "type": "Polygon",
        "coordinates": [
          [
            [
              11.0292672,
              45.8727811
            ],
            [
              11.0291612,
              45.8726897
            ],
            [
              11.029209,
              45.8725007
            ],
            [
              11.0292548,
              45.8723274
            ],
            [
              11.0293156,
              45.8722349
            ],
            [
              11.0294855,
              45.8720498
            ],
            [
              11.0295786,
              45.8719663
            ],
            [
              11.0298645,
              45.8717655
            ],
            [
              11.0305154,
              45.8728006
            ],
            [
              11.0292672,
              45.8727811
            ]
          ],
          [
            [
              11.0295005,
              45.8726793
            ],
            [
              11.0301185,
              45.8726897
            ],
            [
              11.0301285,
              45.8724019
            ],
            [
              11.0298738,
              45.8723976
            ],
            [
              11.0298838,
              45.8721081
            ],
            [
              11.0295205,
              45.872102
            ],
            [
              11.0295005,
              45.8726793
            ]
          ]
        ]
      },
      "id": "relation/1952138"
    },
    {
      "type": "Feature",
      "properties": {
        "@id": "relation/1976217",
        "access": "yes",
        "amenity": "parking",
        "fee": "yes",
        "loc_name": "Piazza Follone",
        "name": "Piazza Achille Leoni",
        "parking": "surface",
        "surface": "asphalt",
        "type": "multipolygon"
      },
      "geometry": {
        "type": "Polygon",
        "coordinates": [
          [
            [
              11.0388028,
              45.8891991
            ],
            [
              11.0385258,
              45.8889737
            ],
            [
              11.0381599,
              45.8886639
            ],
            [
              11.0376381,
              45.8886673
            ],
            [
              11.0369267,
              45.8888236
            ],
            [
              11.0366228,
              45.888592
            ],
            [
              11.0367916,
              45.8884217
            ],
            [
              11.0368016,
              45.8880466
            ],
            [
              11.0386488,
              45.8880315
            ],
            [
              11.038713,
              45.8881319
            ],
            [
              11.03879,
              45.8881658
            ],
            [
              11.0389748,
              45.8882514
            ],
            [
              11.0389911,
              45.8883439
            ],
            [
              11.038894,
              45.8883677
            ],
            [
              11.0390163,
              45.888645
            ],
            [
              11.0392639,
              45.8885924
            ],
            [
              11.0394627,
              45.889065
            ],
            [
              11.03941,
              45.889076
            ],
            [
              11.0390782,
              45.8891429
            ],
            [
              11.0390119,
              45.8891564
            ],
            [
              11.0388028,
              45.8891991
            ]
          ]
        ]
      },
      "id": "relation/1976217"
    },
    {
      "type": "Feature",
      "properties": {
        "@id": "relation/2129407",
        "amenity": "parking",
        "parking": "street_side",
        "surface": "asphalt",
        "type": "multipolygon"
      },
      "geometry": {
        "type": "Polygon",
        "coordinates": [
          [
            [
              11.0672827,
              45.8838483
            ],
            [
              11.0672604,
              45.883725
            ],
            [
              11.0672897,
              45.8836855
            ],
            [
              11.0675271,
              45.8836568
            ],
            [
              11.0675976,
              45.8836963
            ],
            [
              11.0676251,
              45.8837791
            ],
            [
              11.0675675,
              45.883792
            ],
            [
              11.0673071,
              45.8838432
            ],
            [
              11.0672827,
              45.8838483
            ]
          ]
        ]
      },
      "id": "relation/2129407"
    },
    {
      "type": "Feature",
      "properties": {
        "@id": "relation/2131788",
        "access": "yes",
        "amenity": "parking",
        "capacity": "30",
        "capacity:disabled": "2",
        "capacity:parent": "0",
        "capacity:reserved": "3",
        "capacity:women": "0",
        "fee": "no",
        "fixme": "3 parcheggi sono riservato",
        "lit": "yes",
        "maxstay": "unlimited",
        "name": "Largo Padre Eusebio Jori",
        "operator": "Comune di Rovereto",
        "orientation": "perpendicular",
        "parking": "surface",
        "supervised": "no",
        "surface": "asphalt",
        "type": "multipolygon"
      },
      "geometry": {
        "type": "Polygon",
        "coordinates": [
          [
            [
              11.0409206,
              45.8744565
            ],
            [
              11.0409246,
              45.8744363
            ],
            [
              11.0409429,
              45.8743429
            ],
            [
              11.0409472,
              45.8743212
            ],
            [
              11.0409523,
              45.8742954
            ],
            [
              11.040821,
              45.8742611
            ],
            [
              11.0408342,
              45.8742149
            ],
            [
              11.0408451,
              45.8741894
            ],
            [
              11.0410452,
              45.8741833
            ],
            [
              11.0413553,
              45.8740442
            ],
            [
              11.0414802,
              45.8741255
            ],
            [
              11.0416825,
              45.8744471
            ],
            [
              11.0416166,
              45.8744641
            ],
            [
              11.0413029,
              45.8745452
            ],
            [
              11.0408606,
              45.8745887
            ],
            [
              11.0409206,
              45.8744565
            ]
          ]
        ]
      },
      "id": "relation/2131788"
    },
    {
      "type": "Feature",
      "properties": {
        "@id": "relation/2921809",
        "access": "yes",
        "amenity": "parking",
        "capacity:disabled": "yes",
        "fee": "yes",
        "parking": "surface",
        "surface": "asphalt",
        "type": "multipolygon"
      },
      "geometry": {
        "type": "Polygon",
        "coordinates": [
          [
            [
              11.039276,
              45.8817701
            ],
            [
              11.0394704,
              45.8819461
            ],
            [
              11.0397981,
              45.8821672
            ],
            [
              11.0399796,
              45.8821778
            ],
            [
              11.0400145,
              45.8821615
            ],
            [
              11.0402267,
              45.88229
            ],
            [
              11.0404283,
              45.8825006
            ],
            [
              11.0404968,
              45.882483
            ],
            [
              11.0405471,
              45.8825456
            ],
            [
              11.0405892,
              45.8825979
            ],
            [
              11.0403809,
              45.8826774
            ],
            [
              11.0402573,
              45.8827263
            ],
            [
              11.0400219,
              45.8825792
            ],
            [
              11.0400581,
              45.8824438
            ],
            [
              11.0398489,
              45.8822888
            ],
            [
              11.0396045,
              45.8822821
            ],
            [
              11.0392304,
              45.8820366
            ],
            [
              11.0389312,
              45.8822175
            ],
            [
              11.0387526,
              45.8820836
            ],
            [
              11.039104,
              45.8818219
            ],
            [
              11.0391461,
              45.8818568
            ],
            [
              11.0392208,
              45.8818081
            ],
            [
              11.039276,
              45.8817701
            ]
          ]
        ]
      },
      "id": "relation/2921809"
    },
    {
      "type": "Feature",
      "properties": {
        "@id": "relation/3475676",
        "amenity": "parking",
        "parking": "surface",
        "type": "multipolygon"
      },
      "geometry": {
        "type": "Polygon",
        "coordinates": [
          [
            [
              11.0332419,
              45.8819939
            ],
            [
              11.0327322,
              45.8819901
            ],
            [
              11.0326571,
              45.8817834
            ],
            [
              11.0326359,
              45.8817564
            ],
            [
              11.0325449,
              45.8817136
            ],
            [
              11.0327243,
              45.8815096
            ],
            [
              11.0328731,
              45.8815709
            ],
            [
              11.0329925,
              45.8816202
            ],
            [
              11.0332143,
              45.8817259
            ],
            [
              11.0334041,
              45.8818384
            ],
            [
              11.0332419,
              45.8819939
            ]
          ]
        ]
      },
      "id": "relation/3475676"
    },
    {
      "type": "Feature",
      "properties": {
        "@id": "relation/3858874",
        "amenity": "parking",
        "fee": "no",
        "parking": "street_side",
        "surface": "asphalt",
        "type": "multipolygon"
      },
      "geometry": {
        "type": "Polygon",
        "coordinates": [
          [
            [
              11.0858075,
              45.894896
            ],
            [
              11.0858114,
              45.8944624
            ],
            [
              11.0858013,
              45.8943394
            ],
            [
              11.0859275,
              45.8943491
            ],
            [
              11.0859146,
              45.8944702
            ],
            [
              11.0859879,
              45.8944613
            ],
            [
              11.0859971,
              45.8947596
            ],
            [
              11.0859678,
              45.8948221
            ],
            [
              11.0859311,
              45.8948348
            ],
            [
              11.085933,
              45.8948947
            ],
            [
              11.0858075,
              45.894896
            ]
          ]
        ]
      },
      "id": "relation/3858874"
    },
    {
      "type": "Feature",
      "properties": {
        "@id": "relation/5738606",
        "access": "yes",
        "amenity": "parking",
        "capacity:disabled": "yes",
        "fee": "yes",
        "name": "Piazza Damiano Chiesa",
        "parking": "surface",
        "type": "multipolygon",
        "wheelchair": "yes"
      },
      "geometry": {
        "type": "Polygon",
        "coordinates": [
          [
            [
              11.0434893,
              45.8878007
            ],
            [
              11.0438863,
              45.8882996
            ],
            [
              11.0438217,
              45.8883237
            ],
            [
              11.0439581,
              45.8884741
            ],
            [
              11.0438399,
              45.8885018
            ],
            [
              11.0432667,
              45.8879107
            ],
            [
              11.0434893,
              45.8878007
            ]
          ]
        ]
      },
      "id": "relation/5738606"
    },
    {
      "type": "Feature",
      "properties": {
        "@id": "relation/5738608",
        "access": "yes",
        "amenity": "parking",
        "capacity:disabled": "yes",
        "fee": "yes",
        "name": "Piazza del Suffragio",
        "parking": "surface",
        "type": "multipolygon",
        "wheelchair": "yes"
      },
      "geometry": {
        "type": "Polygon",
        "coordinates": [
          [
            [
              11.0437855,
              45.8871222
            ],
            [
              11.0441529,
              45.8873621
            ],
            [
              11.0441836,
              45.8874359
            ],
            [
              11.0443443,
              45.8874844
            ],
            [
              11.0442939,
              45.8876177
            ],
            [
              11.043999,
              45.8875702
            ],
            [
              11.0440142,
              45.8875163
            ],
            [
              11.0440225,
              45.8874581
            ],
            [
              11.0437855,
              45.8871222
            ]
          ]
        ]
      },
      "id": "relation/5738608"
    },
    {
      "type": "Feature",
      "properties": {
        "@id": "relation/6087255",
        "access": "customers",
        "amenity": "parking",
        "fee": "no",
        "landuse": "commercial",
        "layer": "-1",
        "name": "Millennium Center",
        "parking": "underground",
        "surface": "asphalt",
        "type": "multipolygon"
      },
      "geometry": {
        "type": "Polygon",
        "coordinates": [
          [
            [
              11.0166287,
              45.8702083
            ],
            [
              11.0165985,
              45.8702368
            ],
            [
              11.0165549,
              45.8702794
            ],
            [
              11.016546,
              45.8702882
            ],
            [
              11.0161871,
              45.8706391
            ],
            [
              11.0161262,
              45.8706844
            ],
            [
              11.0157781,
              45.8704693
            ],
            [
              11.0152396,
              45.8701366
            ],
            [
              11.0145104,
              45.8696862
            ],
            [
              11.0135406,
              45.869087
            ],
            [
              11.0130945,
              45.8688114
            ],
            [
              11.0126779,
              45.8685493
            ],
            [
              11.0122158,
              45.8682873
            ],
            [
              11.0116534,
              45.8679952
            ],
            [
              11.0112958,
              45.8678095
            ],
            [
              11.0112328,
              45.8677429
            ],
            [
              11.0113184,
              45.8677686
            ],
            [
              11.0113898,
              45.86779
            ],
            [
              11.0114977,
              45.8678225
            ],
            [
              11.0118535,
              45.8679545
            ],
            [
              11.0123249,
              45.8681151
            ],
            [
              11.012386,
              45.8681448
            ],
            [
              11.0124186,
              45.8681733
            ],
            [
              11.012447,
              45.8682072
            ],
            [
              11.0124612,
              45.8682322
            ],
            [
              11.0124701,
              45.8682741
            ],
            [
              11.0124744,
              45.8683186
            ],
            [
              11.0124869,
              45.8683504
            ],
            [
              11.0125081,
              45.8683797
            ],
            [
              11.0125386,
              45.8684042
            ],
            [
              11.0125826,
              45.868425
            ],
            [
              11.0126405,
              45.8684475
            ],
            [
              11.0127144,
              45.8684699
            ],
            [
              11.0127405,
              45.8684953
            ],
            [
              11.0127496,
              45.8685042
            ],
            [
              11.0127532,
              45.8685077
            ],
            [
              11.0127587,
              45.8685131
            ],
            [
              11.0127797,
              45.8685336
            ],
            [
              11.0129205,
              45.8685138
            ],
            [
              11.012919,
              45.8684855
            ],
            [
              11.0129364,
              45.8684586
            ],
            [
              11.0129645,
              45.8684271
            ],
            [
              11.0130208,
              45.8684041
            ],
            [
              11.0130808,
              45.8684101
            ],
            [
              11.0134665,
              45.8685144
            ],
            [
              11.0136417,
              45.8685685
            ],
            [
              11.0138075,
              45.8686226
            ],
            [
              11.0139636,
              45.8686743
            ],
            [
              11.0140102,
              45.8686899
            ],
            [
              11.0140548,
              45.8687075
            ],
            [
              11.0144218,
              45.8688583
            ],
            [
              11.014435,
              45.868865
            ],
            [
              11.0147997,
              45.869051
            ],
            [
              11.0155415,
              45.8694984
            ],
            [
              11.0155639,
              45.8695119
            ],
            [
              11.0164818,
              45.8701018
            ],
            [
              11.016634,
              45.8702027
            ],
            [
              11.0166287,
              45.8702083
            ]
          ],
          [
            [
              11.0158376,
              45.8699051
            ],
            [
              11.0157272,
              45.8698445
            ],
            [
              11.015742,
              45.8698322
            ],
            [
              11.0156936,
              45.869804
            ],
            [
              11.0156965,
              45.8698016
            ],
            [
              11.0156906,
              45.8697981
            ],
            [
              11.0156694,
              45.8697829
            ],
            [
              11.0156398,
              45.8697667
            ],
            [
              11.0154617,
              45.8696694
            ],
            [
              11.0154651,
              45.8696664
            ],
            [
              11.0153923,
              45.8696266
            ],
            [
              11.0153435,
              45.8696
            ],
            [
              11.0153404,
              45.8695982
            ],
            [
              11.0152726,
              45.8695612
            ],
            [
              11.0152905,
              45.8695488
            ],
            [
              11.0152457,
              45.8695127
            ],
            [
              11.015144,
              45.8694485
            ],
            [
              11.0151163,
              45.8694309
            ],
            [
              11.0150281,
              45.8693776
            ],
            [
              11.0149965,
              45.8693582
            ],
            [
              11.014925,
              45.8693142
            ],
            [
              11.0148031,
              45.8692391
            ],
            [
              11.0147801,
              45.8692249
            ],
            [
              11.0146916,
              45.8691704
            ],
            [
              11.0146273,
              45.8691333
            ],
            [
              11.0145759,
              45.8691039
            ],
            [
              11.0145346,
              45.8690807
            ],
            [
              11.0144809,
              45.8690505
            ],
            [
              11.0144408,
              45.8690324
            ],
            [
              11.0144014,
              45.8690146
            ],
            [
              11.0142772,
              45.8689585
            ],
            [
              11.0142711,
              45.8689557
            ],
            [
              11.0141832,
              45.8689143
            ],
            [
              11.0140501,
              45.8688619
            ],
            [
              11.0138615,
              45.8687865
            ],
            [
              11.0137432,
              45.8687453
            ],
            [
              11.0137079,
              45.8687333
            ],
            [
              11.01367,
              45.8687213
            ],
            [
              11.013619,
              45.8687062
            ],
            [
              11.0135676,
              45.8686902
            ],
            [
              11.0135181,
              45.8686761
            ],
            [
              11.0134905,
              45.8686676
            ],
            [
              11.0134759,
              45.8686636
            ],
            [
              11.0134489,
              45.8686571
            ],
            [
              11.013418,
              45.8686511
            ],
            [
              11.0133932,
              45.8686473
            ],
            [
              11.0133616,
              45.8686436
            ],
            [
              11.0133342,
              45.8686417
            ],
            [
              11.0133155,
              45.868643
            ],
            [
              11.0132984,
              45.868646
            ],
            [
              11.0132791,
              45.8686519
            ],
            [
              11.0132628,
              45.8686594
            ],
            [
              11.0132487,
              45.8686686
            ],
            [
              11.013237,
              45.8686791
            ],
            [
              11.0134017,
              45.8687834
            ],
            [
              11.0134507,
              45.8688145
            ],
            [
              11.013424,
              45.8688349
            ],
            [
              11.0133971,
              45.8688555
            ],
            [
              11.0133524,
              45.8688904
            ],
            [
              11.0141099,
              45.8693463
            ],
            [
              11.0158644,
              45.8704571
            ],
            [
              11.015918,
              45.8704158
            ],
            [
              11.0159379,
              45.8704005
            ],
            [
              11.0159664,
              45.8703785
            ],
            [
              11.0161593,
              45.8705
            ],
            [
              11.0164374,
              45.8702858
            ],
            [
              11.0163733,
              45.8702451
            ],
            [
              11.016345,
              45.8702272
            ],
            [
              11.0161169,
              45.8700824
            ],
            [
              11.0160965,
              45.8700694
            ],
            [
              11.0159451,
              45.8699733
            ],
            [
              11.0159223,
              45.8699589
            ],
            [
              11.0158898,
              45.8699383
            ],
            [
              11.0158376,
              45.8699051
            ]
          ]
        ]
      },
      "id": "relation/6087255"
    },
    {
      "type": "Feature",
      "properties": {
        "@id": "relation/6087256",
        "access": "customers",
        "amenity": "parking",
        "area": "amenity",
        "fee": "no",
        "indoor": "area",
        "level": "2",
        "parking": "rooftop",
        "surface": "concrete",
        "type": "multipolygon"
      },
      "geometry": {
        "type": "Polygon",
        "coordinates": [
          [
            [
              11.0149007,
              45.869683
            ],
            [
              11.0147469,
              45.8696112
            ],
            [
              11.0146474,
              45.8695647
            ],
            [
              11.0146188,
              45.8695468
            ],
            [
              11.0145384,
              45.8694964
            ],
            [
              11.0145193,
              45.8694844
            ],
            [
              11.014501,
              45.8694729
            ],
            [
              11.0144111,
              45.8694166
            ],
            [
              11.0143239,
              45.8693619
            ],
            [
              11.0142397,
              45.8693091
            ],
            [
              11.0141976,
              45.8692827
            ],
            [
              11.0141583,
              45.869258
            ],
            [
              11.0140787,
              45.8692082
            ],
            [
              11.0140499,
              45.8691901
            ],
            [
              11.0135921,
              45.8689031
            ],
            [
              11.0134507,
              45.8688145
            ],
            [
              11.0134017,
              45.8687834
            ],
            [
              11.013237,
              45.8686791
            ],
            [
              11.0132487,
              45.8686686
            ],
            [
              11.0132628,
              45.8686594
            ],
            [
              11.0132791,
              45.8686519
            ],
            [
              11.0132984,
              45.868646
            ],
            [
              11.0133155,
              45.868643
            ],
            [
              11.0133342,
              45.8686417
            ],
            [
              11.0133616,
              45.8686436
            ],
            [
              11.0133932,
              45.8686473
            ],
            [
              11.013418,
              45.8686511
            ],
            [
              11.0134489,
              45.8686571
            ],
            [
              11.0134759,
              45.8686636
            ],
            [
              11.0134905,
              45.8686676
            ],
            [
              11.0135181,
              45.8686761
            ],
            [
              11.0135676,
              45.8686902
            ],
            [
              11.013619,
              45.8687062
            ],
            [
              11.01367,
              45.8687213
            ],
            [
              11.0137079,
              45.8687333
            ],
            [
              11.0137432,
              45.8687453
            ],
            [
              11.0138615,
              45.8687865
            ],
            [
              11.0140501,
              45.8688619
            ],
            [
              11.0141832,
              45.8689143
            ],
            [
              11.014119,
              45.8689654
            ],
            [
              11.0140045,
              45.8690565
            ],
            [
              11.0141221,
              45.8691282
            ],
            [
              11.0142368,
              45.8691979
            ],
            [
              11.0142722,
              45.8692195
            ],
            [
              11.0143158,
              45.8691838
            ],
            [
              11.0143619,
              45.8691461
            ],
            [
              11.0143949,
              45.8691209
            ],
            [
              11.0144057,
              45.8691114
            ],
            [
              11.0144333,
              45.869089
            ],
            [
              11.0144809,
              45.8690505
            ],
            [
              11.0145346,
              45.8690807
            ],
            [
              11.0145759,
              45.8691039
            ],
            [
              11.0146273,
              45.8691333
            ],
            [
              11.0146916,
              45.8691704
            ],
            [
              11.0147801,
              45.8692249
            ],
            [
              11.0148031,
              45.8692391
            ],
            [
              11.014925,
              45.8693142
            ],
            [
              11.0149965,
              45.8693582
            ],
            [
              11.0150281,
              45.8693776
            ],
            [
              11.0151163,
              45.8694309
            ],
            [
              11.015144,
              45.8694485
            ],
            [
              11.0152457,
              45.8695127
            ],
            [
              11.0152905,
              45.8695488
            ],
            [
              11.0152726,
              45.8695612
            ],
            [
              11.0153404,
              45.8695982
            ],
            [
              11.0153435,
              45.8696
            ],
            [
              11.0153923,
              45.8696266
            ],
            [
              11.015349,
              45.8696627
            ],
            [
              11.0153028,
              45.8696708
            ],
            [
              11.0152951,
              45.8697076
            ],
            [
              11.0153679,
              45.8697499
            ],
            [
              11.0154218,
              45.8697813
            ],
            [
              11.0153198,
              45.8698663
            ],
            [
              11.0155442,
              45.8699969
            ],
            [
              11.0155659,
              45.8699788
            ],
            [
              11.0156761,
              45.8700419
            ],
            [
              11.0156871,
              45.8700326
            ],
            [
              11.0157616,
              45.8699695
            ],
            [
              11.0158376,
              45.8699051
            ],
            [
              11.0158898,
              45.8699383
            ],
            [
              11.0159223,
              45.8699589
            ],
            [
              11.0159451,
              45.8699733
            ],
            [
              11.0160965,
              45.8700694
            ],
            [
              11.0161169,
              45.8700824
            ],
            [
              11.016345,
              45.8702272
            ],
            [
              11.0163733,
              45.8702451
            ],
            [
              11.0164374,
              45.8702858
            ],
            [
              11.0161593,
              45.8705
            ],
            [
              11.0159664,
              45.8703785
            ],
            [
              11.01567,
              45.8701991
            ],
            [
              11.0155328,
              45.8701127
            ],
            [
              11.0153914,
              45.8700334
            ],
            [
              11.0152809,
              45.8699727
            ],
            [
              11.0151784,
              45.8699173
            ],
            [
              11.0150831,
              45.8698648
            ],
            [
              11.0151686,
              45.8697895
            ],
            [
              11.0151342,
              45.8697708
            ],
            [
              11.0150951,
              45.8697496
            ],
            [
              11.0150738,
              45.8697379
            ],
            [
              11.0150189,
              45.8697084
            ],
            [
              11.0149697,
              45.8696817
            ],
            [
              11.0149284,
              45.8696584
            ],
            [
              11.0149007,
              45.869683
            ]
          ],
          [
            [
              11.0149726,
              45.8696098
            ],
            [
              11.0150046,
              45.8695855
            ],
            [
              11.0146792,
              45.8693774
            ],
            [
              11.0146472,
              45.8694016
            ],
            [
              11.0149726,
              45.8696098
            ]
          ]
        ]
      },
      "id": "relation/6087256"
    },
    {
      "type": "Feature",
      "properties": {
        "@id": "relation/7505957",
        "access": "private",
        "amenity": "parking",
        "surface": "concrete",
        "type": "multipolygon"
      },
      "geometry": {
        "type": "Polygon",
        "coordinates": [
          [
            [
              11.0864629,
              45.8944837
            ],
            [
              11.0863496,
              45.894486
            ],
            [
              11.0863496,
              45.8943173
            ],
            [
              11.0864633,
              45.8943137
            ],
            [
              11.0864629,
              45.8944837
            ]
          ]
        ]
      },
      "id": "relation/7505957"
    },
    {
      "type": "Feature",
      "properties": {
        "@id": "relation/7566539",
        "amenity": "parking",
        "surface": "asphalt",
        "type": "multipolygon"
      },
      "geometry": {
        "type": "Polygon",
        "coordinates": [
          [
            [
              11.0303334,
              45.8706034
            ],
            [
              11.0302003,
              45.8703743
            ],
            [
              11.0303837,
              45.8703446
            ],
            [
              11.0304917,
              45.8705632
            ],
            [
              11.0303334,
              45.8706034
            ]
          ]
        ]
      },
      "id": "relation/7566539"
    },
    {
      "type": "Feature",
      "properties": {
        "@id": "relation/7566540",
        "amenity": "parking",
        "surface": "asphalt",
        "type": "multipolygon"
      },
      "geometry": {
        "type": "Polygon",
        "coordinates": [
          [
            [
              11.0309864,
              45.8705894
            ],
            [
              11.0309864,
              45.8707818
            ],
            [
              11.0307729,
              45.8708237
            ],
            [
              11.0307528,
              45.8705964
            ],
            [
              11.0309864,
              45.8705894
            ]
          ]
        ]
      },
      "id": "relation/7566540"
    },
    {
      "type": "Feature",
      "properties": {
        "@id": "relation/7731916",
        "amenity": "parking",
        "surface": "asphalt",
        "type": "multipolygon"
      },
      "geometry": {
        "type": "Polygon",
        "coordinates": [
          [
            [
              11.0301785,
              45.8706743
            ],
            [
              11.0302227,
              45.8706693
            ],
            [
              11.030251,
              45.8707447
            ],
            [
              11.0303556,
              45.8708515
            ],
            [
              11.0301907,
              45.8708809
            ],
            [
              11.0300973,
              45.870694
            ],
            [
              11.0301785,
              45.8706743
            ]
          ]
        ]
      },
      "id": "relation/7731916"
    },
    {
      "type": "Feature",
      "properties": {
        "@id": "relation/7939478",
        "access": "yes",
        "amenity": "parking",
        "capacity:disabled": "yes",
        "fee": "yes",
        "layer": "-1",
        "name": "Parcheggio Mart",
        "parking": "underground",
        "supervised": "no",
        "type": "multipolygon"
      },
      "geometry": {
        "type": "Polygon",
        "coordinates": [
          [
            [
              11.0449498,
              45.8949294
            ],
            [
              11.0449433,
              45.8949831
            ],
            [
              11.0446223,
              45.8949647
            ],
            [
              11.0442031,
              45.8949406
            ],
            [
              11.0442476,
              45.8945908
            ],
            [
              11.0442108,
              45.8945881
            ],
            [
              11.0441791,
              45.8945857
            ],
            [
              11.0441899,
              45.8944732
            ],
            [
              11.0449944,
              45.894522
            ],
            [
              11.0449498,
              45.8949294
            ]
          ]
        ]
      },
      "id": "relation/7939478"
    },
    {
      "type": "Feature",
      "properties": {
        "@id": "relation/9320809",
        "amenity": "parking",
        "surface": "asphalt",
        "type": "multipolygon"
      },
      "geometry": {
        "type": "Polygon",
        "coordinates": [
          [
            [
              11.044791,
              45.90457
            ],
            [
              11.0446898,
              45.9047164
            ],
            [
              11.0446798,
              45.9047307
            ],
            [
              11.0444681,
              45.9046584
            ],
            [
              11.0445841,
              45.9044977
            ],
            [
              11.044791,
              45.90457
            ]
          ]
        ]
      },
      "id": "relation/9320809"
    },
    {
      "type": "Feature",
      "properties": {
        "@id": "relation/9462205",
        "access": "private",
        "amenity": "parking",
        "parking": "surface",
        "surface": "asphalt",
        "type": "multipolygon"
      },
      "geometry": {
        "type": "Polygon",
        "coordinates": [
          [
            [
              11.0368378,
              45.8899901
            ],
            [
              11.0369177,
              45.8899674
            ],
            [
              11.0369967,
              45.8899449
            ],
            [
              11.0370072,
              45.8904637
            ],
            [
              11.0366049,
              45.8904662
            ],
            [
              11.0365985,
              45.8902955
            ],
            [
              11.0369308,
              45.8902122
            ],
            [
              11.0368378,
              45.8899901
            ]
          ]
        ]
      },
      "id": "relation/9462205"
    },
    {
      "type": "Feature",
      "properties": {
        "@id": "relation/11796845",
        "access": "private",
        "amenity": "parking",
        "type": "multipolygon"
      },
      "geometry": {
        "type": "Polygon",
        "coordinates": [
          [
            [
              11.0439917,
              45.8979333
            ],
            [
              11.0439435,
              45.8979032
            ],
            [
              11.0439228,
              45.8978625
            ],
            [
              11.0438305,
              45.8978564
            ],
            [
              11.0437082,
              45.8978484
            ],
            [
              11.043711,
              45.8978256
            ],
            [
              11.0437466,
              45.8976219
            ],
            [
              11.0437533,
              45.8975741
            ],
            [
              11.0439115,
              45.8975867
            ],
            [
              11.0439235,
              45.8976591
            ],
            [
              11.0439487,
              45.8978146
            ],
            [
              11.0439917,
              45.8979333
            ]
          ]
        ]
      },
      "id": "relation/11796845"
    },
    {
      "type": "Feature",
      "properties": {
        "@id": "way/24755677",
        "access": "yes",
        "amenity": "parking",
        "fee": "no",
        "parking": "surface",
        "wheelchair": "yes"
      },
      "geometry": {
        "type": "Polygon",
        "coordinates": [
          [
            [
              11.036523,
              45.901354
            ],
            [
              11.0364776,
              45.9013591
            ],
            [
              11.0364534,
              45.901273
            ],
            [
              11.0364174,
              45.9011905
            ],
            [
              11.036303,
              45.9008582
            ],
            [
              11.0362601,
              45.9006094
            ],
            [
              11.036332,
              45.9004197
            ],
            [
              11.0366192,
              45.9001842
            ],
            [
              11.0370396,
              45.9001611
            ],
            [
              11.0370568,
              45.9001821
            ],
            [
              11.0369766,
              45.9002628
            ],
            [
              11.0368345,
              45.9003704
            ],
            [
              11.0367097,
              45.9005303
            ],
            [
              11.0365789,
              45.900857
            ],
            [
              11.036523,
              45.901354
            ]
          ]
        ]
      },
      "id": "way/24755677"
    },
    {
      "type": "Feature",
      "properties": {
        "@id": "way/24822824",
        "access": "yes",
        "amenity": "parking",
        "fee": "yes",
        "parking": "surface",
        "surface": "asphalt",
        "wheelchair": "yes"
      },
      "geometry": {
        "type": "Polygon",
        "coordinates": [
          [
            [
              11.0395524,
              45.8919998
            ],
            [
              11.0395443,
              45.8917773
            ],
            [
              11.03998,
              45.8916974
            ],
            [
              11.039997,
              45.8918393
            ],
            [
              11.0398972,
              45.8918697
            ],
            [
              11.0395961,
              45.8919814
            ],
            [
              11.0395524,
              45.8919998
            ]
          ]
        ]
      },
      "id": "way/24822824"
    },
    {
      "type": "Feature",
      "properties": {
        "@id": "way/27190740",
        "access": "yes",
        "amenity": "parking",
        "fee": "no",
        "parking": "surface",
        "wheelchair": "yes"
      },
      "geometry": {
        "type": "Polygon",
        "coordinates": [
          [
            [
              11.0359957,
              45.9013085
            ],
            [
              11.035978,
              45.9012686
            ],
            [
              11.0359704,
              45.9011332
            ],
            [
              11.0359637,
              45.9010042
            ],
            [
              11.0359476,
              45.9008567
            ],
            [
              11.0359193,
              45.9007106
            ],
            [
              11.0361173,
              45.9006883
            ],
            [
              11.0361349,
              45.9007385
            ],
            [
              11.0362676,
              45.9011526
            ],
            [
              11.036283,
              45.9012337
            ],
            [
              11.0362839,
              45.901271
            ],
            [
              11.0362716,
              45.901302
            ],
            [
              11.0362513,
              45.9013258
            ],
            [
              11.0362127,
              45.9013517
            ],
            [
              11.0361686,
              45.9013689
            ],
            [
              11.0361122,
              45.9013706
            ],
            [
              11.0360585,
              45.9013583
            ],
            [
              11.0360257,
              45.9013376
            ],
            [
              11.0359957,
              45.9013085
            ]
          ]
        ]
      },
      "id": "way/27190740"
    },
    {
      "type": "Feature",
      "properties": {
        "@id": "way/27192648",
        "amenity": "parking",
        "fee": "no",
        "name": "Rover Center",
        "parking": "surface",
        "surface": "asphalt"
      },
      "geometry": {
        "type": "Polygon",
        "coordinates": [
          [
            [
              11.0290816,
              45.8643551
            ],
            [
              11.0285335,
              45.8648466
            ],
            [
              11.0281207,
              45.8648069
            ],
            [
              11.0275773,
              45.8639449
            ],
            [
              11.0273895,
              45.8639869
            ],
            [
              11.0273434,
              45.8635853
            ],
            [
              11.0274465,
              45.86356
            ],
            [
              11.0276839,
              45.8635267
            ],
            [
              11.0281227,
              45.8636903
            ],
            [
              11.0290816,
              45.8643551
            ]
          ]
        ]
      },
      "id": "way/27192648"
    },
    {
      "type": "Feature",
      "properties": {
        "@id": "way/31283347",
        "access": "yes",
        "amenity": "parking",
        "capacity": "50",
        "capacity:disabled": "1",
        "fee": "no",
        "name": "Parcheggio Manifattura",
        "parking": "surface",
        "wheelchair": "yes"
      },
      "geometry": {
        "type": "Polygon",
        "coordinates": [
          [
            [
              11.0241855,
              45.8843439
            ],
            [
              11.0241351,
              45.8843852
            ],
            [
              11.0239809,
              45.8845374
            ],
            [
              11.0239436,
              45.8845422
            ],
            [
              11.0239266,
              45.8845632
            ],
            [
              11.0238707,
              45.8846325
            ],
            [
              11.0238144,
              45.8846959
            ],
            [
              11.0237835,
              45.8847522
            ],
            [
              11.0236451,
              45.8847267
            ],
            [
              11.0234843,
              45.8846656
            ],
            [
              11.0233195,
              45.8846479
            ],
            [
              11.0233624,
              45.8846344
            ],
            [
              11.0234315,
              45.8846094
            ],
            [
              11.0235635,
              45.8845302
            ],
            [
              11.0236131,
              45.8845128
            ],
            [
              11.0238682,
              45.8843319
            ],
            [
              11.0239356,
              45.8842872
            ],
            [
              11.024025,
              45.8842222
            ],
            [
              11.0241597,
              45.8843209
            ],
            [
              11.0241731,
              45.8843282
            ],
            [
              11.0241855,
              45.8843439
            ]
          ]
        ]
      },
      "id": "way/31283347"
    },
    {
      "type": "Feature",
      "properties": {
        "@id": "way/31464304",
        "access": "yes",
        "amenity": "parking",
        "capacity": "20",
        "capacity:disabled": "yes",
        "fee": "yes",
        "parking": "surface",
        "wheelchair": "yes"
      },
      "geometry": {
        "type": "Polygon",
        "coordinates": [
          [
            [
              11.0222489,
              45.8812134
            ],
            [
              11.022272,
              45.8811778
            ],
            [
              11.0228498,
              45.8813567
            ],
            [
              11.0228282,
              45.8813942
            ],
            [
              11.0222489,
              45.8812134
            ]
          ]
        ]
      },
      "id": "way/31464304"
    },
    {
      "type": "Feature",
      "properties": {
        "@id": "way/32229401",
        "access": "yes",
        "amenity": "parking",
        "fee": "no",
        "parking": "surface"
      },
      "geometry": {
        "type": "Polygon",
        "coordinates": [
          [
            [
              11.0021429,
              45.8497565
            ],
            [
              11.0021523,
              45.8498191
            ],
            [
              11.0020141,
              45.8498247
            ],
            [
              11.0019792,
              45.8498275
            ],
            [
              11.0019217,
              45.8498292
            ],
            [
              11.001908,
              45.8496848
            ],
            [
              11.0018774,
              45.849574
            ],
            [
              11.0018615,
              45.8495372
            ],
            [
              11.0017953,
              45.849422
            ],
            [
              11.0017304,
              45.8493089
            ],
            [
              11.0016759,
              45.8492328
            ],
            [
              11.0016099,
              45.8491404
            ],
            [
              11.0015914,
              45.8491027
            ],
            [
              11.0014959,
              45.8489107
            ],
            [
              11.0015511,
              45.848892
            ],
            [
              11.0015326,
              45.8488462
            ],
            [
              11.0015275,
              45.8488023
            ],
            [
              11.0015894,
              45.8486516
            ],
            [
              11.0015201,
              45.8486328
            ],
            [
              11.0015943,
              45.8484589
            ],
            [
              11.0016676,
              45.8484699
            ],
            [
              11.001674,
              45.8484474
            ],
            [
              11.0017059,
              45.8483661
            ],
            [
              11.0021847,
              45.8484753
            ],
            [
              11.0022679,
              45.8484923
            ],
            [
              11.002157,
              45.8487958
            ],
            [
              11.0021578,
              45.8488177
            ],
            [
              11.0024029,
              45.849235
            ],
            [
              11.0023454,
              45.8492521
            ],
            [
              11.0023548,
              45.8492995
            ],
            [
              11.0023548,
              45.8493521
            ],
            [
              11.0023351,
              45.8493975
            ],
            [
              11.002273,
              45.8494754
            ],
            [
              11.0022098,
              45.8495289
            ],
            [
              11.002185,
              45.8495622
            ],
            [
              11.0021055,
              45.8496513
            ],
            [
              11.0021238,
              45.8496806
            ],
            [
              11.0021429,
              45.8497565
            ]
          ]
        ]
      },
      "id": "way/32229401"
    },
    {
      "type": "Feature",
      "properties": {
        "@id": "way/35611617",
        "access": "yes",
        "amenity": "parking",
        "capacity": "20",
        "capacity:disabled": "1",
        "fee": "no",
        "name": "Parcheggio delle Fucine",
        "parking": "surface",
        "wheelchair": "yes"
      },
      "geometry": {
        "type": "Polygon",
        "coordinates": [
          [
            [
              11.0287504,
              45.8840226
            ],
            [
              11.0286438,
              45.8837857
            ],
            [
              11.0288545,
              45.8837365
            ],
            [
              11.0289369,
              45.8839282
            ],
            [
              11.0288665,
              45.8839445
            ],
            [
              11.0289052,
              45.8840461
            ],
            [
              11.0288352,
              45.8840355
            ],
            [
              11.0287504,
              45.8840226
            ]
          ]
        ]
      },
      "id": "way/35611617"
    },
    {
      "type": "Feature",
      "properties": {
        "@id": "way/35611620",
        "access": "yes",
        "amenity": "parking",
        "capacity": "50",
        "fee": "no",
        "parking": "surface",
        "wheelchair": "yes"
      },
      "geometry": {
        "type": "Polygon",
        "coordinates": [
          [
            [
              11.030198,
              45.8846311
            ],
            [
              11.0301841,
              45.8845543
            ],
            [
              11.0301562,
              45.884459
            ],
            [
              11.0304965,
              45.8843747
            ],
            [
              11.0305845,
              45.8846028
            ],
            [
              11.0304826,
              45.8846108
            ],
            [
              11.0303181,
              45.8846239
            ],
            [
              11.030198,
              45.8846311
            ]
          ]
        ]
      },
      "id": "way/35611620"
    },
    {
      "type": "Feature",
      "properties": {
        "@id": "way/35629590",
        "access": "private",
        "amenity": "parking",
        "name": "Parcheggio docenti1",
        "parking": "surface",
        "surface": "asphalt"
      },
      "geometry": {
        "type": "Polygon",
        "coordinates": [
          [
            [
              11.0425348,
              45.8965121
            ],
            [
              11.0425666,
              45.8960219
            ],
            [
              11.0427093,
              45.8960208
            ],
            [
              11.0426502,
              45.8965084
            ],
            [
              11.0425348,
              45.8965121
            ]
          ]
        ]
      },
      "id": "way/35629590"
    },
    {
      "type": "Feature",
      "properties": {
        "@id": "way/35629592",
        "access": "private",
        "addr:city": "Rovereto",
        "addr:postcode": "38068",
        "addr:street": "Corso Bettini",
        "amenity": "parking",
        "name": "Parcheggio riservato",
        "parking": "surface"
      },
      "geometry": {
        "type": "Polygon",
        "coordinates": [
          [
            [
              11.0428505,
              45.8957927
            ],
            [
              11.0428623,
              45.8955408
            ],
            [
              11.0432579,
              45.8955717
            ],
            [
              11.0432224,
              45.8958017
            ],
            [
              11.0428505,
              45.8957927
            ]
          ]
        ]
      },
      "id": "way/35629592"
    },
    {
      "type": "Feature",
      "properties": {
        "@id": "way/35904218",
        "access": "yes",
        "amenity": "parking",
        "capacity:disabled": "4",
        "fee": "yes",
        "lit": "yes",
        "name": "Piazzale Sergio Zanon",
        "park_ride": "no",
        "parking": "surface",
        "ref": "P2",
        "smoothness": "excellent",
        "supervised": "no",
        "surface": "asphalt"
      },
      "geometry": {
        "type": "Polygon",
        "coordinates": [
          [
            [
              11.0364662,
              45.8933469
            ],
            [
              11.0365467,
              45.8936019
            ],
            [
              11.0361889,
              45.8936566
            ],
            [
              11.0363273,
              45.8940948
            ],
            [
              11.0362666,
              45.8941041
            ],
            [
              11.0357712,
              45.8941799
            ],
            [
              11.0357541,
              45.8941257
            ],
            [
              11.0357152,
              45.8941316
            ],
            [
              11.0355707,
              45.8936741
            ],
            [
              11.0356251,
              45.8936658
            ],
            [
              11.0356056,
              45.8936039
            ],
            [
              11.0360281,
              45.8934594
            ],
            [
              11.0363643,
              45.893329
            ],
            [
              11.0364662,
              45.8933469
            ]
          ]
        ]
      },
      "id": "way/35904218"
    },
    {
      "type": "Feature",
      "properties": {
        "@id": "way/43310056",
        "access": "yes",
        "amenity": "parking",
        "fee": "no",
        "parking": "surface"
      },
      "geometry": {
        "type": "Polygon",
        "coordinates": [
          [
            [
              11.0610756,
              45.8981593
            ],
            [
              11.0611902,
              45.898164
            ],
            [
              11.061238,
              45.898262
            ],
            [
              11.0611317,
              45.8983026
            ],
            [
              11.0610099,
              45.8983205
            ],
            [
              11.0608532,
              45.8983074
            ],
            [
              11.0608168,
              45.8981956
            ],
            [
              11.0608726,
              45.8981425
            ],
            [
              11.0609669,
              45.8981557
            ],
            [
              11.0610756,
              45.8981593
            ]
          ]
        ]
      },
      "id": "way/43310056"
    },
    {
      "type": "Feature",
      "properties": {
        "@id": "way/43521058",
        "amenity": "parking",
        "capacity:disabled": "yes",
        "parking": "surface",
        "surface": "asphalt",
        "wheelchair": "yes"
      },
      "geometry": {
        "type": "Polygon",
        "coordinates": [
          [
            [
              11.0317107,
              45.8956834
            ],
            [
              11.0314906,
              45.8955471
            ],
            [
              11.0314832,
              45.8955403
            ],
            [
              11.0314852,
              45.895532
            ],
            [
              11.0318781,
              45.8952207
            ],
            [
              11.0319225,
              45.895188
            ],
            [
              11.0322353,
              45.8948407
            ],
            [
              11.03225,
              45.8948317
            ],
            [
              11.0322686,
              45.8948297
            ],
            [
              11.0325177,
              45.8949809
            ],
            [
              11.0325228,
              45.8949902
            ],
            [
              11.0325224,
              45.895002
            ],
            [
              11.0324608,
              45.8950645
            ],
            [
              11.0321041,
              45.8954535
            ],
            [
              11.0320665,
              45.8955013
            ],
            [
              11.0320236,
              45.8955368
            ],
            [
              11.0319195,
              45.895599
            ],
            [
              11.0318038,
              45.8956562
            ],
            [
              11.031754,
              45.8956734
            ],
            [
              11.0317107,
              45.8956834
            ]
          ]
        ]
      },
      "id": "way/43521058"
    },
    {
      "type": "Feature",
      "properties": {
        "@id": "way/43590760",
        "access": "customers",
        "amenity": "parking",
        "fee": "no",
        "name": "Zigherane",
        "parking": "surface",
        "surface": "asphalt",
        "wheelchair": "yes"
      },
      "geometry": {
        "type": "Polygon",
        "coordinates": [
          [
            [
              11.0221879,
              45.8807266
            ],
            [
              11.021867,
              45.8805105
            ],
            [
              11.0220417,
              45.8803949
            ],
            [
              11.022307,
              45.8805489
            ],
            [
              11.0222808,
              45.8805789
            ],
            [
              11.0223116,
              45.8805932
            ],
            [
              11.0222384,
              45.8807013
            ],
            [
              11.0221879,
              45.8807266
            ]
          ]
        ]
      },
      "id": "way/43590760"
    },
    {
      "type": "Feature",
      "properties": {
        "@id": "way/47040514",
        "amenity": "parking",
        "capacity": "15",
        "fee": "no",
        "park_ride": "no",
        "parking": "surface",
        "surface": "ground"
      },
      "geometry": {
        "type": "Polygon",
        "coordinates": [
          [
            [
              11.0367016,
              45.8584057
            ],
            [
              11.0368306,
              45.8584676
            ],
            [
              11.0369728,
              45.8585272
            ],
            [
              11.0368815,
              45.8585513
            ],
            [
              11.0368227,
              45.858578
            ],
            [
              11.0366565,
              45.8585341
            ],
            [
              11.0365907,
              45.8584325
            ],
            [
              11.0367016,
              45.8584057
            ]
          ]
        ]
      },
      "id": "way/47040514"
    },
    {
      "type": "Feature",
      "properties": {
        "@id": "way/49014577",
        "access": "yes",
        "amenity": "parking",
        "fee": "no",
        "name": "Barattieri",
        "parking": "surface"
      },
      "geometry": {
        "type": "Polygon",
        "coordinates": [
          [
            [
              11.0393639,
              45.8978068
            ],
            [
              11.0393252,
              45.8976614
            ],
            [
              11.039225,
              45.8972781
            ],
            [
              11.0390691,
              45.8966529
            ],
            [
              11.0391381,
              45.8966474
            ],
            [
              11.0392881,
              45.8972577
            ],
            [
              11.0394205,
              45.8977964
            ],
            [
              11.0393639,
              45.8978068
            ]
          ]
        ]
      },
      "id": "way/49014577"
    },
    {
      "type": "Feature",
      "properties": {
        "@id": "way/49014590",
        "access": "yes",
        "amenity": "parking",
        "fee": "no",
        "parking": "surface"
      },
      "geometry": {
        "type": "Polygon",
        "coordinates": [
          [
            [
              11.0389283,
              45.8985649
            ],
            [
              11.0387946,
              45.8984069
            ],
            [
              11.0388195,
              45.8984099
            ],
            [
              11.0388396,
              45.898407
            ],
            [
              11.0388598,
              45.8983978
            ],
            [
              11.0388699,
              45.8983765
            ],
            [
              11.0388504,
              45.8983529
            ],
            [
              11.0388199,
              45.8983471
            ],
            [
              11.0387395,
              45.8982519
            ],
            [
              11.0393248,
              45.8980143
            ],
            [
              11.0393617,
              45.8981254
            ],
            [
              11.0394385,
              45.8983676
            ],
            [
              11.0389283,
              45.8985649
            ]
          ]
        ]
      },
      "id": "way/49014590"
    },
    {
      "type": "Feature",
      "properties": {
        "@id": "way/52115140",
        "access": "yes",
        "amenity": "parking",
        "capacity": "10",
        "fee": "no",
        "maxstay": "1 hour",
        "parking": "surface",
        "smoothness": "good",
        "surface": "asphalt",
        "wheelchair": "yes"
      },
      "geometry": {
        "type": "Polygon",
        "coordinates": [
          [
            [
              11.0176936,
              45.8850841
            ],
            [
              11.0175952,
              45.8850482
            ],
            [
              11.0176772,
              45.8849395
            ],
            [
              11.0177755,
              45.8849754
            ],
            [
              11.0176936,
              45.8850841
            ]
          ]
        ]
      },
      "id": "way/52115140"
    },
    {
      "type": "Feature",
      "properties": {
        "@id": "way/52893883",
        "access": "private",
        "amenity": "parking",
        "fee": "no",
        "parking": "surface",
        "surface": "asphalt"
      },
      "geometry": {
        "type": "Polygon",
        "coordinates": [
          [
            [
              11.0568345,
              45.8861975
            ],
            [
              11.0567832,
              45.8862029
            ],
            [
              11.0566596,
              45.8859392
            ],
            [
              11.0565618,
              45.8858196
            ],
            [
              11.0564883,
              45.8856562
            ],
            [
              11.0564587,
              45.8854861
            ],
            [
              11.0564575,
              45.8854494
            ],
            [
              11.0565137,
              45.885451
            ],
            [
              11.0566092,
              45.8854512
            ],
            [
              11.0566098,
              45.8853696
            ],
            [
              11.056595,
              45.8853264
            ],
            [
              11.0566849,
              45.8853235
            ],
            [
              11.0568066,
              45.8853161
            ],
            [
              11.056816,
              45.885354
            ],
            [
              11.0568865,
              45.8853655
            ],
            [
              11.0568842,
              45.8853866
            ],
            [
              11.0568901,
              45.8854185
            ],
            [
              11.0569008,
              45.8854582
            ],
            [
              11.0569529,
              45.8855915
            ],
            [
              11.056977,
              45.8856764
            ],
            [
              11.0569933,
              45.8857483
            ],
            [
              11.0570076,
              45.8858229
            ],
            [
              11.0570173,
              45.8859222
            ],
            [
              11.0569792,
              45.8860092
            ],
            [
              11.0568961,
              45.8861594
            ],
            [
              11.0568345,
              45.8861975
            ]
          ]
        ]
      },
      "id": "way/52893883"
    },
    {
      "type": "Feature",
      "properties": {
        "@id": "way/53100705",
        "access": "private",
        "amenity": "parking",
        "parking": "surface",
        "surface": "asphalt"
      },
      "geometry": {
        "type": "Polygon",
        "coordinates": [
          [
            [
              11.0008805,
              45.8624725
            ],
            [
              11.0011662,
              45.862383
            ],
            [
              11.0012795,
              45.8624972
            ],
            [
              11.0013514,
              45.8626303
            ],
            [
              11.0012795,
              45.8626562
            ],
            [
              11.0012223,
              45.8626726
            ],
            [
              11.0008489,
              45.8625044
            ],
            [
              11.0008805,
              45.8624725
            ]
          ]
        ]
      },
      "id": "way/53100705"
    },
    {
      "type": "Feature",
      "properties": {
        "@id": "way/53836568",
        "access": "private",
        "amenity": "parking",
        "capacity:disabled": "yes",
        "parking": "surface"
      },
      "geometry": {
        "type": "Polygon",
        "coordinates": [
          [
            [
              11.029463,
              45.8732532
            ],
            [
              11.029196,
              45.8730161
            ],
            [
              11.0292566,
              45.8729907
            ],
            [
              11.0291982,
              45.8729215
            ],
            [
              11.0292195,
              45.8729151
            ],
            [
              11.0305012,
              45.8729402
            ],
            [
              11.0304138,
              45.8730051
            ],
            [
              11.0301181,
              45.8729893
            ],
            [
              11.029779,
              45.8731504
            ],
            [
              11.0297474,
              45.8731181
            ],
            [
              11.029463,
              45.8732532
            ]
          ]
        ]
      },
      "id": "way/53836568"
    },
    {
      "type": "Feature",
      "properties": {
        "@id": "way/54889046",
        "amenity": "parking",
        "capacity:disabled": "yes",
        "check_date": "2025-09-27",
        "fee": "yes",
        "layer": "-1",
        "name": "Piazza della Pace",
        "opening_hours": "24/7",
        "parking": "underground"
      },
      "geometry": {
        "type": "Polygon",
        "coordinates": [
          [
            [
              11.0438547,
              45.9039856
            ],
            [
              11.0438042,
              45.9041383
            ],
            [
              11.0427924,
              45.9040534
            ],
            [
              11.0428531,
              45.9037768
            ],
            [
              11.043897,
              45.9038566
            ],
            [
              11.0438547,
              45.9039856
            ]
          ]
        ]
      },
      "id": "way/54889046"
    },
    {
      "type": "Feature",
      "properties": {
        "@id": "way/58152239",
        "amenity": "parking",
        "fee": "no",
        "parking": "surface",
        "source": "PCN ortofoto_colore 2006 - autorizzazione 10687/TRI",
        "surface": "asphalt"
      },
      "geometry": {
        "type": "Polygon",
        "coordinates": [
          [
            [
              11.087412,
              45.8828862
            ],
            [
              11.087326,
              45.8832677
            ],
            [
              11.0871646,
              45.8832501
            ],
            [
              11.0872506,
              45.8828686
            ],
            [
              11.087412,
              45.8828862
            ]
          ]
        ]
      },
      "id": "way/58152239"
    },
    {
      "type": "Feature",
      "properties": {
        "@id": "way/64029525",
        "access": "yes",
        "amenity": "parking",
        "capacity:disabled": "3",
        "fee": "yes",
        "name": "Piazzale Orsi",
        "parking": "surface",
        "source": "PCN ortofoto_colore 2006 - autorizzazione 10687/TRI",
        "surface": "asphalt"
      },
      "geometry": {
        "type": "Polygon",
        "coordinates": [
          [
            [
              11.034125,
              45.8899287
            ],
            [
              11.0340455,
              45.8894104
            ],
            [
              11.0343019,
              45.8893913
            ],
            [
              11.0343371,
              45.889614
            ],
            [
              11.0343429,
              45.8896656
            ],
            [
              11.034467,
              45.8896588
            ],
            [
              11.034494,
              45.8899003
            ],
            [
              11.034125,
              45.8899287
            ]
          ]
        ]
      },
      "id": "way/64029525"
    },
    {
      "type": "Feature",
      "properties": {
        "@id": "way/65070083",
        "amenity": "parking",
        "fee": "no",
        "parking": "street_side",
        "surface": "asphalt",
        "wheelchair": "yes"
      },
      "geometry": {
        "type": "Polygon",
        "coordinates": [
          [
            [
              11.0347122,
              45.8868207
            ],
            [
              11.0347075,
              45.8868029
            ],
            [
              11.0347881,
              45.8868072
            ],
            [
              11.0348307,
              45.8868094
            ],
            [
              11.0349586,
              45.8868369
            ],
            [
              11.0350423,
              45.8868806
            ],
            [
              11.0350493,
              45.8869566
            ],
            [
              11.0350307,
              45.887031
            ],
            [
              11.0349609,
              45.8869954
            ],
            [
              11.0348633,
              45.8869615
            ],
            [
              11.0347796,
              45.886942
            ],
            [
              11.0347331,
              45.8869
            ],
            [
              11.0347122,
              45.8868207
            ]
          ]
        ]
      },
      "id": "way/65070083"
    },
    {
      "type": "Feature",
      "properties": {
        "@id": "way/66127589",
        "access": "yes",
        "amenity": "parking",
        "capacity:disabled": "yes",
        "fee": "yes",
        "name": "Dietro le Fosse",
        "parking": "surface",
        "surface": "asphalt",
        "wheelchair": "yes"
      },
      "geometry": {
        "type": "Polygon",
        "coordinates": [
          [
            [
              11.0462506,
              45.888201
            ],
            [
              11.0461528,
              45.8882079
            ],
            [
              11.0461043,
              45.8882129
            ],
            [
              11.0460903,
              45.8879406
            ],
            [
              11.0461246,
              45.8879391
            ],
            [
              11.046121,
              45.8878757
            ],
            [
              11.0460819,
              45.8878745
            ],
            [
              11.0460698,
              45.8876045
            ],
            [
              11.0460692,
              45.8875806
            ],
            [
              11.0460679,
              45.8875556
            ],
            [
              11.045973,
              45.8875614
            ],
            [
              11.0459876,
              45.8871925
            ],
            [
              11.0460985,
              45.8871379
            ],
            [
              11.0461656,
              45.8871639
            ],
            [
              11.0462506,
              45.888201
            ]
          ]
        ]
      },
      "id": "way/66127589"
    },
    {
      "type": "Feature",
      "properties": {
        "@id": "way/66723656",
        "access": "yes",
        "amenity": "parking",
        "fee": "yes",
        "name": "Parcheggio Municipio",
        "parking": "underground"
      },
      "geometry": {
        "type": "Polygon",
        "coordinates": [
          [
            [
              11.0442278,
              45.8861819
            ],
            [
              11.0438667,
              45.8862881
            ],
            [
              11.0437962,
              45.8863038
            ],
            [
              11.0437287,
              45.8863107
            ],
            [
              11.043645,
              45.8863252
            ],
            [
              11.0436478,
              45.8862627
            ],
            [
              11.0436342,
              45.8862175
            ],
            [
              11.0436467,
              45.8861849
            ],
            [
              11.0437746,
              45.8859962
            ],
            [
              11.0438309,
              45.8859104
            ],
            [
              11.044088,
              45.8859703
            ],
            [
              11.0442752,
              45.886016
            ],
            [
              11.0442278,
              45.8861819
            ]
          ]
        ]
      },
      "id": "way/66723656"
    },
    {
      "type": "Feature",
      "properties": {
        "@id": "way/66984414",
        "access": "yes",
        "amenity": "parking",
        "fee": "yes",
        "name": "Santa Maria",
        "parking": "surface",
        "source": "PCN ortofoto_colore 2006 - autorizzazione 10687/TRI",
        "surface": "asphalt",
        "wheelchair": "yes"
      },
      "geometry": {
        "type": "Polygon",
        "coordinates": [
          [
            [
              11.04073,
              45.8834657
            ],
            [
              11.041029,
              45.8832905
            ],
            [
              11.0410122,
              45.8832773
            ],
            [
              11.0410532,
              45.8832556
            ],
            [
              11.04115,
              45.8835
            ],
            [
              11.0411357,
              45.8835142
            ],
            [
              11.041133,
              45.8835394
            ],
            [
              11.0411062,
              45.883577
            ],
            [
              11.0410606,
              45.8836173
            ],
            [
              11.0410015,
              45.883626
            ],
            [
              11.04073,
              45.8834657
            ]
          ]
        ]
      },
      "id": "way/66984414"
    },
    {
      "type": "Feature",
      "properties": {
        "@id": "way/67011385",
        "access": "yes",
        "amenity": "parking",
        "fee": "no",
        "parking": "surface",
        "source": "PCN ortofoto_colore 2006 - autorizzazione 10687/TRI",
        "wheelchair": "yes"
      },
      "geometry": {
        "type": "Polygon",
        "coordinates": [
          [
            [
              11.0341671,
              45.8845795
            ],
            [
              11.0342858,
              45.8847114
            ],
            [
              11.0343771,
              45.8847046
            ],
            [
              11.0344559,
              45.8849276
            ],
            [
              11.0342565,
              45.8852571
            ],
            [
              11.0342266,
              45.8847611
            ],
            [
              11.0338672,
              45.8847036
            ],
            [
              11.0336005,
              45.8844873
            ],
            [
              11.0341671,
              45.8845795
            ]
          ]
        ]
      },
      "id": "way/67011385"
    },
    {
      "type": "Feature",
      "properties": {
        "@id": "way/67012767",
        "access": "yes",
        "amenity": "parking",
        "fee": "no",
        "parking": "surface",
        "source": "PCN ortofoto_colore 2006 - autorizzazione 10687/TRI"
      },
      "geometry": {
        "type": "Polygon",
        "coordinates": [
          [
            [
              11.032044,
              45.8778195
            ],
            [
              11.0321365,
              45.8772879
            ],
            [
              11.032213,
              45.8772054
            ],
            [
              11.0323522,
              45.877235
            ],
            [
              11.032619,
              45.8774608
            ],
            [
              11.0324833,
              45.8775485
            ],
            [
              11.0323039,
              45.8774765
            ],
            [
              11.0322717,
              45.8775087
            ],
            [
              11.0321738,
              45.8775012
            ],
            [
              11.0321634,
              45.8777701
            ],
            [
              11.032224,
              45.8778069
            ],
            [
              11.032167,
              45.8779051
            ],
            [
              11.032044,
              45.8778195
            ]
          ]
        ]
      },
      "id": "way/67012767"
    },
    {
      "type": "Feature",
      "properties": {
        "@id": "way/69103889",
        "amenity": "parking",
        "parking": "surface",
        "source": "PCN ortofoto_colore 2006 - autorizzazione 10687/TRI",
        "surface": "asphalt"
      },
      "geometry": {
        "type": "Polygon",
        "coordinates": [
          [
            [
              11.0342308,
              45.8663131
            ],
            [
              11.0340873,
              45.8663014
            ],
            [
              11.0342007,
              45.8661318
            ],
            [
              11.0342141,
              45.8659574
            ],
            [
              11.0343877,
              45.8660016
            ],
            [
              11.0342308,
              45.8663131
            ]
          ]
        ]
      },
      "id": "way/69103889"
    },
    {
      "type": "Feature",
      "properties": {
        "@id": "way/74170372",
        "access": "customers",
        "amenity": "parking",
        "fee": "no",
        "parking": "surface",
        "surface": "asphalt"
      },
      "geometry": {
        "type": "Polygon",
        "coordinates": [
          [
            [
              11.0203536,
              45.8857014
            ],
            [
              11.0202941,
              45.8855122
            ],
            [
              11.0203038,
              45.8854797
            ],
            [
              11.0203113,
              45.8854547
            ],
            [
              11.0206831,
              45.8853896
            ],
            [
              11.020757,
              45.8853753
            ],
            [
              11.0208418,
              45.885359
            ],
            [
              11.0209147,
              45.8856082
            ],
            [
              11.0203536,
              45.8857014
            ]
          ]
        ]
      },
      "id": "way/74170372"
    },
    {
      "type": "Feature",
      "properties": {
        "@id": "way/74793046",
        "access": "yes",
        "amenity": "parking",
        "fee": "no",
        "lit": "no",
        "parking": "surface",
        "surface": "asphalt"
      },
      "geometry": {
        "type": "Polygon",
        "coordinates": [
          [
            [
              11.0297864,
              45.8851089
            ],
            [
              11.0297132,
              45.8851146
            ],
            [
              11.0291642,
              45.8851574
            ],
            [
              11.0291173,
              45.8849347
            ],
            [
              11.0291923,
              45.8849329
            ],
            [
              11.0294018,
              45.884912
            ],
            [
              11.0297439,
              45.8848843
            ],
            [
              11.0297864,
              45.8851089
            ]
          ]
        ]
      },
      "id": "way/74793046"
    },
    {
      "type": "Feature",
      "properties": {
        "@id": "way/80190454",
        "access": "yes",
        "amenity": "parking",
        "fee": "no",
        "parking": "surface"
      },
      "geometry": {
        "type": "Polygon",
        "coordinates": [
          [
            [
              11.0019076,
              45.8609774
            ],
            [
              11.0018996,
              45.8608757
            ],
            [
              11.0018872,
              45.8607178
            ],
            [
              11.0018865,
              45.8607095
            ],
            [
              11.0018789,
              45.860633
            ],
            [
              11.0018737,
              45.8605872
            ],
            [
              11.0018515,
              45.8605515
            ],
            [
              11.0018224,
              45.8605356
            ],
            [
              11.0017798,
              45.8605122
            ],
            [
              11.0017509,
              45.8604835
            ],
            [
              11.0017411,
              45.8603973
            ],
            [
              11.0017887,
              45.8604077
            ],
            [
              11.0018115,
              45.8604127
            ],
            [
              11.0018561,
              45.8604429
            ],
            [
              11.0019383,
              45.8605085
            ],
            [
              11.0020627,
              45.860523
            ],
            [
              11.0020904,
              45.8605262
            ],
            [
              11.0020914,
              45.8605608
            ],
            [
              11.0021016,
              45.8607131
            ],
            [
              11.0021055,
              45.8607713
            ],
            [
              11.0021191,
              45.8609796
            ],
            [
              11.0021213,
              45.861012
            ],
            [
              11.0019575,
              45.8610438
            ],
            [
              11.0019076,
              45.8609774
            ]
          ]
        ]
      },
      "id": "way/80190454"
    },
    {
      "type": "Feature",
      "properties": {
        "@id": "way/85619626",
        "access": "yes",
        "amenity": "parking",
        "fee": "no",
        "parking": "surface"
      },
      "geometry": {
        "type": "Polygon",
        "coordinates": [
          [
            [
              11.0663531,
              45.8859222
            ],
            [
              11.066293,
              45.8858552
            ],
            [
              11.0662758,
              45.8858361
            ],
            [
              11.066318,
              45.8858177
            ],
            [
              11.0667342,
              45.8856368
            ],
            [
              11.0667815,
              45.8856162
            ],
            [
              11.0668588,
              45.8857024
            ],
            [
              11.0667338,
              45.8857567
            ],
            [
              11.0663531,
              45.8859222
            ]
          ]
        ]
      },
      "id": "way/85619626"
    },
    {
      "type": "Feature",
      "properties": {
        "@id": "way/86248238",
        "access": "private",
        "amenity": "parking",
        "parking": "surface"
      },
      "geometry": {
        "type": "Polygon",
        "coordinates": [
          [
            [
              11.0393205,
              45.8832472
            ],
            [
              11.039011,
              45.883132
            ],
            [
              11.0391077,
              45.8830061
            ],
            [
              11.0394172,
              45.8831214
            ],
            [
              11.0393707,
              45.8831819
            ],
            [
              11.0393205,
              45.8832472
            ]
          ]
        ]
      },
      "id": "way/86248238"
    },
    {
      "type": "Feature",
      "properties": {
        "@id": "way/88500422",
        "amenity": "parking",
        "fee": "no",
        "parking": "surface"
      },
      "geometry": {
        "type": "Polygon",
        "coordinates": [
          [
            [
              11.0405733,
              45.899342
            ],
            [
              11.0405322,
              45.8991085
            ],
            [
              11.0408998,
              45.899083
            ],
            [
              11.0408632,
              45.8992419
            ],
            [
              11.0405733,
              45.899342
            ]
          ]
        ]
      },
      "id": "way/88500422"
    },
    {
      "type": "Feature",
      "properties": {
        "@id": "way/88501124",
        "amenity": "parking",
        "capacity:disabled": "yes",
        "fee": "no",
        "parking": "surface"
      },
      "geometry": {
        "type": "Polygon",
        "coordinates": [
          [
            [
              11.040852,
              45.8973863
            ],
            [
              11.0406669,
              45.8967886
            ],
            [
              11.040861,
              45.896852
            ],
            [
              11.0412234,
              45.8972916
            ],
            [
              11.040852,
              45.8973863
            ]
          ]
        ]
      },
      "id": "way/88501124"
    },
    {
      "type": "Feature",
      "properties": {
        "@id": "way/92120219",
        "access": "yes",
        "amenity": "parking",
        "fee": "no",
        "parking": "surface",
        "surface": "gravel"
      },
      "geometry": {
        "type": "Polygon",
        "coordinates": [
          [
            [
              11.0710647,
              45.8786887
            ],
            [
              11.071007,
              45.87866
            ],
            [
              11.070996,
              45.8786275
            ],
            [
              11.0710399,
              45.8785796
            ],
            [
              11.0711224,
              45.8785127
            ],
            [
              11.0712378,
              45.8784304
            ],
            [
              11.0713477,
              45.8784495
            ],
            [
              11.0713422,
              45.8784993
            ],
            [
              11.071301,
              45.8785548
            ],
            [
              11.0712625,
              45.8785643
            ],
            [
              11.0711609,
              45.8786409
            ],
            [
              11.0710647,
              45.8786887
            ]
          ]
        ]
      },
      "id": "way/92120219"
    },
    {
      "type": "Feature",
      "properties": {
        "@id": "way/123219169",
        "access": "yes",
        "amenity": "parking",
        "fee": "no",
        "parking": "surface"
      },
      "geometry": {
        "type": "Polygon",
        "coordinates": [
          [
            [
              11.0693406,
              45.8841586
            ],
            [
              11.0693156,
              45.8843142
            ],
            [
              11.0689039,
              45.8844893
            ],
            [
              11.0687966,
              45.8843682
            ],
            [
              11.0688581,
              45.8843445
            ],
            [
              11.0693406,
              45.8841586
            ]
          ]
        ]
      },
      "id": "way/123219169"
    },
    {
      "type": "Feature",
      "properties": {
        "@id": "way/136068703",
        "access": "yes",
        "addr:city": "Rovereto",
        "addr:place": "Rovereto",
        "amenity": "parking",
        "fee": "yes",
        "layer": "-1",
        "name": "Viale dei Colli",
        "parking": "underground"
      },
      "geometry": {
        "type": "Polygon",
        "coordinates": [
          [
            [
              11.0448138,
              45.8905465
            ],
            [
              11.0446347,
              45.8905352
            ],
            [
              11.0447092,
              45.8902275
            ],
            [
              11.044814,
              45.8902266
            ],
            [
              11.0448853,
              45.890226
            ],
            [
              11.0451466,
              45.8902614
            ],
            [
              11.044945,
              45.8905532
            ],
            [
              11.0448138,
              45.8905465
            ]
          ]
        ]
      },
      "id": "way/136068703"
    },
    {
      "type": "Feature",
      "properties": {
        "@id": "way/158210404",
        "access": "yes",
        "amenity": "parking",
        "fee": "no",
        "parking": "surface"
      },
      "geometry": {
        "type": "Polygon",
        "coordinates": [
          [
            [
              11.055215,
              45.9014713
            ],
            [
              11.055144,
              45.9013486
            ],
            [
              11.0553767,
              45.9012834
            ],
            [
              11.0554353,
              45.9014244
            ],
            [
              11.055215,
              45.9014713
            ]
          ]
        ]
      },
      "id": "way/158210404"
    },
    {
      "type": "Feature",
      "properties": {
        "@id": "way/172366986",
        "access": "yes",
        "amenity": "parking",
        "fee": "yes",
        "name": "Piazza Italia",
        "parking": "surface"
      },
      "geometry": {
        "type": "Polygon",
        "coordinates": [
          [
            [
              11.0395363,
              45.8933554
            ],
            [
              11.0395065,
              45.8932455
            ],
            [
              11.0400508,
              45.8931223
            ],
            [
              11.0400664,
              45.8933696
            ],
            [
              11.0396655,
              45.8934038
            ],
            [
              11.0395363,
              45.8933554
            ]
          ]
        ]
      },
      "id": "way/172366986"
    },
    {
      "type": "Feature",
      "properties": {
        "@id": "way/173042812",
        "access": "yes",
        "amenity": "parking",
        "fee": "no",
        "parking": "surface"
      },
      "geometry": {
        "type": "Polygon",
        "coordinates": [
          [
            [
              11.0077008,
              45.8406549
            ],
            [
              11.0078756,
              45.8405484
            ],
            [
              11.0081498,
              45.8407599
            ],
            [
              11.0080949,
              45.8407914
            ],
            [
              11.0079229,
              45.8407374
            ],
            [
              11.0078531,
              45.8407238
            ],
            [
              11.007801,
              45.8407109
            ],
            [
              11.0077448,
              45.8406877
            ],
            [
              11.0077008,
              45.8406549
            ]
          ]
        ]
      },
      "id": "way/173042812"
    },
    {
      "type": "Feature",
      "properties": {
        "@id": "way/207772589",
        "amenity": "parking",
        "parking": "surface",
        "surface": "asphalt"
      },
      "geometry": {
        "type": "Polygon",
        "coordinates": [
          [
            [
              11.0331294,
              45.8652425
            ],
            [
              11.0331069,
              45.8652078
            ],
            [
              11.0329204,
              45.8649204
            ],
            [
              11.0330986,
              45.8648799
            ],
            [
              11.0332391,
              45.865054
            ],
            [
              11.0331294,
              45.8652425
            ]
          ]
        ]
      },
      "id": "way/207772589"
    },
    {
      "type": "Feature",
      "properties": {
        "@id": "way/222608272",
        "access": "yes",
        "amenity": "parking",
        "fee": "no",
        "parking": "surface",
        "supervised": "no",
        "wheelchair": "yes"
      },
      "geometry": {
        "type": "Polygon",
        "coordinates": [
          [
            [
              11.0378399,
              45.8969537
            ],
            [
              11.038001,
              45.8970931
            ],
            [
              11.0384829,
              45.8969061
            ],
            [
              11.0385089,
              45.8969852
            ],
            [
              11.0385114,
              45.8969954
            ],
            [
              11.0384887,
              45.8970022
            ],
            [
              11.0385598,
              45.8971703
            ],
            [
              11.0385843,
              45.8972135
            ],
            [
              11.03857,
              45.8972193
            ],
            [
              11.0381235,
              45.8974037
            ],
            [
              11.0380884,
              45.8973621
            ],
            [
              11.0380556,
              45.8973504
            ],
            [
              11.0380059,
              45.8973684
            ],
            [
              11.0379263,
              45.8972706
            ],
            [
              11.0378962,
              45.8972825
            ],
            [
              11.0378878,
              45.897274
            ],
            [
              11.0376217,
              45.8970054
            ],
            [
              11.0376858,
              45.8969731
            ],
            [
              11.0376974,
              45.8969598
            ],
            [
              11.0377007,
              45.8969447
            ],
            [
              11.0377006,
              45.8969279
            ],
            [
              11.0376837,
              45.8969076
            ],
            [
              11.0374822,
              45.8967417
            ],
            [
              11.0374301,
              45.896665
            ],
            [
              11.0374201,
              45.8966548
            ],
            [
              11.0374073,
              45.8966502
            ],
            [
              11.0373912,
              45.89665
            ],
            [
              11.0373823,
              45.8966524
            ],
            [
              11.0373641,
              45.896664
            ],
            [
              11.0372333,
              45.896753
            ],
            [
              11.0371871,
              45.8967351
            ],
            [
              11.0372055,
              45.8967152
            ],
            [
              11.0369824,
              45.8966198
            ],
            [
              11.0369664,
              45.8966186
            ],
            [
              11.0369469,
              45.8966202
            ],
            [
              11.0370776,
              45.8964501
            ],
            [
              11.037108,
              45.8964091
            ],
            [
              11.0371805,
              45.8962334
            ],
            [
              11.0374743,
              45.8965828
            ],
            [
              11.0375711,
              45.8967152
            ],
            [
              11.0376689,
              45.8967999
            ],
            [
              11.0378399,
              45.8969537
            ]
          ]
        ]
      },
      "id": "way/222608272"
    },
    {
      "type": "Feature",
      "properties": {
        "@id": "way/228530352",
        "amenity": "parking",
        "parking": "surface"
      },
      "geometry": {
        "type": "Polygon",
        "coordinates": [
          [
            [
              11.0662637,
              45.8955728
            ],
            [
              11.0662487,
              45.8954318
            ],
            [
              11.06648,
              45.8954199
            ],
            [
              11.066495,
              45.8955608
            ],
            [
              11.0662637,
              45.8955728
            ]
          ]
        ]
      },
      "id": "way/228530352"
    },
    {
      "type": "Feature",
      "properties": {
        "@id": "way/240512085",
        "amenity": "parking",
        "parking": "street_side",
        "wheelchair": "yes"
      },
      "geometry": {
        "type": "Polygon",
        "coordinates": [
          [
            [
              11.0424816,
              45.8898641
            ],
            [
              11.0424724,
              45.8897684
            ],
            [
              11.0428712,
              45.8897615
            ],
            [
              11.0428906,
              45.8898539
            ],
            [
              11.0424816,
              45.8898641
            ]
          ]
        ]
      },
      "id": "way/240512085"
    },
    {
      "type": "Feature",
      "properties": {
        "@id": "way/240849220",
        "access": "customers",
        "addr:city": "Rovereto",
        "addr:postcode": "38068",
        "addr:street": "Via Gaetano Tacchi",
        "amenity": "parking",
        "capacity": "12",
        "fee": "yes",
        "name": "Parcheggio Hotel Rovereto",
        "parking": "surface"
      },
      "geometry": {
        "type": "Polygon",
        "coordinates": [
          [
            [
              11.0379519,
              45.8905247
            ],
            [
              11.0378867,
              45.8905249
            ],
            [
              11.0376781,
              45.8905253
            ],
            [
              11.0376786,
              45.890628
            ],
            [
              11.0375424,
              45.8906283
            ],
            [
              11.0375414,
              45.8904185
            ],
            [
              11.0379514,
              45.8904175
            ],
            [
              11.0379519,
              45.8905247
            ]
          ]
        ]
      },
      "id": "way/240849220"
    },
    {
      "type": "Feature",
      "properties": {
        "@id": "way/243543229",
        "access": "yes",
        "amenity": "parking",
        "fee": "no",
        "parking": "surface",
        "source": "pcn"
      },
      "geometry": {
        "type": "Polygon",
        "coordinates": [
          [
            [
              11.032197,
              45.8902609
            ],
            [
              11.0320757,
              45.8895254
            ],
            [
              11.0322714,
              45.8895098
            ],
            [
              11.0323899,
              45.8902254
            ],
            [
              11.0323931,
              45.8902427
            ],
            [
              11.032197,
              45.8902609
            ]
          ]
        ]
      },
      "id": "way/243543229"
    },
    {
      "type": "Feature",
      "properties": {
        "@id": "way/255906991",
        "access": "yes",
        "amenity": "parking",
        "parking": "surface",
        "supervised": "no"
      },
      "geometry": {
        "type": "Polygon",
        "coordinates": [
          [
            [
              11.0016266,
              45.8605739
            ],
            [
              11.0013718,
              45.8602491
            ],
            [
              11.0013403,
              45.8601838
            ],
            [
              11.0012446,
              45.8599852
            ],
            [
              11.0012144,
              45.8597067
            ],
            [
              11.0012611,
              45.8596403
            ],
            [
              11.001347,
              45.8596393
            ],
            [
              11.0015413,
              45.8596371
            ],
            [
              11.0016698,
              45.8596356
            ],
            [
              11.0017346,
              45.8603294
            ],
            [
              11.0017399,
              45.8603871
            ],
            [
              11.0017411,
              45.8603973
            ],
            [
              11.0017509,
              45.8604835
            ],
            [
              11.0017595,
              45.8605601
            ],
            [
              11.0016266,
              45.8605739
            ]
          ]
        ]
      },
      "id": "way/255906991"
    },
    {
      "type": "Feature",
      "properties": {
        "@id": "way/258463694",
        "access": "customers",
        "amenity": "parking",
        "capacity:disabled": "2",
        "fee": "no",
        "parking": "surface",
        "smoothness": "excellent",
        "surface": "asphalt",
        "wheelchair": "yes"
      },
      "geometry": {
        "type": "Polygon",
        "coordinates": [
          [
            [
              11.0408226,
              45.9081297
            ],
            [
              11.040718,
              45.9081073
            ],
            [
              11.0405905,
              45.9079394
            ],
            [
              11.0403386,
              45.9073757
            ],
            [
              11.0408107,
              45.9074564
            ],
            [
              11.0408316,
              45.9074597
            ],
            [
              11.0408226,
              45.9081297
            ]
          ]
        ]
      },
      "id": "way/258463694"
    },
    {
      "type": "Feature",
      "properties": {
        "@id": "way/307927376",
        "access": "private",
        "amenity": "parking",
        "parking": "surface"
      },
      "geometry": {
        "type": "Polygon",
        "coordinates": [
          [
            [
              11.0268849,
              45.8678254
            ],
            [
              11.0269655,
              45.8678263
            ],
            [
              11.0269536,
              45.8683261
            ],
            [
              11.026873,
              45.8683251
            ],
            [
              11.0268849,
              45.8678254
            ]
          ]
        ]
      },
      "id": "way/307927376"
    },
    {
      "type": "Feature",
      "properties": {
        "@id": "way/307927377",
        "access": "private",
        "amenity": "parking",
        "parking": "surface"
      },
      "geometry": {
        "type": "Polygon",
        "coordinates": [
          [
            [
              11.0250913,
              45.8672771
            ],
            [
              11.0250926,
              45.8672045
            ],
            [
              11.0267672,
              45.8672187
            ],
            [
              11.026766,
              45.8672894
            ],
            [
              11.0256876,
              45.8672802
            ],
            [
              11.0256858,
              45.8673807
            ],
            [
              11.0253627,
              45.867378
            ],
            [
              11.0253644,
              45.8672794
            ],
            [
              11.0250913,
              45.8672771
            ]
          ]
        ]
      },
      "id": "way/307927377"
    },
    {
      "type": "Feature",
      "properties": {
        "@id": "way/307927378",
        "access": "private",
        "amenity": "parking",
        "parking": "surface"
      },
      "geometry": {
        "type": "Polygon",
        "coordinates": [
          [
            [
              11.0249675,
              45.8718956
            ],
            [
              11.0264228,
              45.8718963
            ],
            [
              11.026425,
              45.8720208
            ],
            [
              11.0273192,
              45.8720299
            ],
            [
              11.0272986,
              45.8726764
            ],
            [
              11.0258666,
              45.8726758
            ],
            [
              11.0258667,
              45.8725502
            ],
            [
              11.0255997,
              45.8725501
            ],
            [
              11.0249675,
              45.8718956
            ]
          ]
        ]
      },
      "id": "way/307927378"
    },
    {
      "type": "Feature",
      "properties": {
        "@id": "way/308643370",
        "access": "private",
        "amenity": "parking",
        "parking": "surface"
      },
      "geometry": {
        "type": "Polygon",
        "coordinates": [
          [
            [
              11.0229646,
              45.8629618
            ],
            [
              11.0232366,
              45.8631323
            ],
            [
              11.0227806,
              45.8634851
            ],
            [
              11.0225086,
              45.8633146
            ],
            [
              11.0229646,
              45.8629618
            ]
          ]
        ]
      },
      "id": "way/308643370"
    },
    {
      "type": "Feature",
      "properties": {
        "@id": "way/308643371",
        "access": "private",
        "amenity": "parking",
        "parking": "surface"
      },
      "geometry": {
        "type": "Polygon",
        "coordinates": [
          [
            [
              11.0266834,
              45.8638396
            ],
            [
              11.0261678,
              45.8630873
            ],
            [
              11.0266683,
              45.8629296
            ],
            [
              11.0270659,
              45.8635599
            ],
            [
              11.0266834,
              45.8638396
            ]
          ]
        ]
      },
      "id": "way/308643371"
    },
    {
      "type": "Feature",
      "properties": {
        "@id": "way/308643373",
        "amenity": "parking",
        "parking": "surface"
      },
      "geometry": {
        "type": "Polygon",
        "coordinates": [
          [
            [
              11.0229085,
              45.8627178
            ],
            [
              11.0230692,
              45.8625938
            ],
            [
              11.0231315,
              45.862633
            ],
            [
              11.0232758,
              45.8625217
            ],
            [
              11.0235425,
              45.8626893
            ],
            [
              11.0232376,
              45.8629246
            ],
            [
              11.0229085,
              45.8627178
            ]
          ]
        ]
      },
      "id": "way/308643373"
    },
    {
      "type": "Feature",
      "properties": {
        "@id": "way/308643374",
        "access": "private",
        "amenity": "parking",
        "parking": "surface"
      },
      "geometry": {
        "type": "Polygon",
        "coordinates": [
          [
            [
              11.0260566,
              45.8617655
            ],
            [
              11.026184,
              45.8617237
            ],
            [
              11.0263989,
              45.8619429
            ],
            [
              11.0269011,
              45.8626233
            ],
            [
              11.0273184,
              45.8633141
            ],
            [
              11.027191,
              45.8634621
            ],
            [
              11.0260566,
              45.8617655
            ]
          ]
        ]
      },
      "id": "way/308643374"
    },
    {
      "type": "Feature",
      "properties": {
        "@id": "way/308776963",
        "access": "private",
        "amenity": "parking",
        "parking": "surface"
      },
      "geometry": {
        "type": "Polygon",
        "coordinates": [
          [
            [
              11.0162256,
              45.8658982
            ],
            [
              11.0161389,
              45.8658144
            ],
            [
              11.0176284,
              45.8650666
            ],
            [
              11.0177735,
              45.8652067
            ],
            [
              11.0173786,
              45.8654061
            ],
            [
              11.0173094,
              45.8653392
            ],
            [
              11.0172308,
              45.8653787
            ],
            [
              11.0173001,
              45.8654457
            ],
            [
              11.0161592,
              45.8660217
            ],
            [
              11.0160978,
              45.8659624
            ],
            [
              11.0162256,
              45.8658982
            ]
          ]
        ]
      },
      "id": "way/308776963"
    },
    {
      "type": "Feature",
      "properties": {
        "@id": "way/308776965",
        "amenity": "parking"
      },
      "geometry": {
        "type": "Polygon",
        "coordinates": [
          [
            [
              11.0232414,
              45.8722405
            ],
            [
              11.0232422,
              45.872194
            ],
            [
              11.0236953,
              45.8721964
            ],
            [
              11.0236997,
              45.8719321
            ],
            [
              11.0234779,
              45.8719303
            ],
            [
              11.0234792,
              45.8718476
            ],
            [
              11.0235406,
              45.8718481
            ],
            [
              11.0238111,
              45.8718502
            ],
            [
              11.0238074,
              45.8720768
            ],
            [
              11.0238046,
              45.8722438
            ],
            [
              11.0232414,
              45.8722405
            ]
          ]
        ]
      },
      "id": "way/308776965"
    },
    {
      "type": "Feature",
      "properties": {
        "@id": "way/308776966",
        "access": "private",
        "amenity": "parking",
        "parking": "surface"
      },
      "geometry": {
        "type": "Polygon",
        "coordinates": [
          [
            [
              11.0210092,
              45.8696989
            ],
            [
              11.0212062,
              45.8697055
            ],
            [
              11.0211452,
              45.8705939
            ],
            [
              11.0210172,
              45.8705897
            ],
            [
              11.0210076,
              45.8707296
            ],
            [
              11.0209386,
              45.8707273
            ],
            [
              11.0209446,
              45.8706407
            ],
            [
              11.0210092,
              45.8696989
            ]
          ]
        ]
      },
      "id": "way/308776966"
    },
    {
      "type": "Feature",
      "properties": {
        "@id": "way/308776967",
        "access": "private",
        "amenity": "parking",
        "parking": "surface"
      },
      "geometry": {
        "type": "Polygon",
        "coordinates": [
          [
            [
              11.0152481,
              45.865024
            ],
            [
              11.0160379,
              45.8646323
            ],
            [
              11.0167889,
              45.8644678
            ],
            [
              11.0168847,
              45.8645614
            ],
            [
              11.015907,
              45.8650491
            ],
            [
              11.0158052,
              45.8649495
            ],
            [
              11.0153851,
              45.8651579
            ],
            [
              11.0152481,
              45.865024
            ]
          ]
        ]
      },
      "id": "way/308776967"
    },
    {
      "type": "Feature",
      "properties": {
        "@id": "way/315440833",
        "amenity": "parking",
        "parking": "surface",
        "surface": "paved"
      },
      "geometry": {
        "type": "Polygon",
        "coordinates": [
          [
            [
              11.0086608,
              45.8638658
            ],
            [
              11.0086051,
              45.8638325
            ],
            [
              11.0087963,
              45.8636956
            ],
            [
              11.0088442,
              45.8637252
            ],
            [
              11.0086608,
              45.8638658
            ]
          ]
        ]
      },
      "id": "way/315440833"
    },
    {
      "type": "Feature",
      "properties": {
        "@id": "way/321204976",
        "amenity": "parking",
        "building": "yes",
        "parking": "multi-storey"
      },
      "geometry": {
        "type": "Polygon",
        "coordinates": [
          [
            [
              11.0380145,
              45.902411
            ],
            [
              11.0379673,
              45.9024493
            ],
            [
              11.0379299,
              45.9024958
            ],
            [
              11.0379063,
              45.9025396
            ],
            [
              11.0378965,
              45.9026039
            ],
            [
              11.0378945,
              45.9026381
            ],
            [
              11.0378729,
              45.9026806
            ],
            [
              11.0378473,
              45.9027079
            ],
            [
              11.0378041,
              45.9027312
            ],
            [
              11.0370215,
              45.9028406
            ],
            [
              11.0369586,
              45.9028434
            ],
            [
              11.0369134,
              45.9028215
            ],
            [
              11.0368898,
              45.9027859
            ],
            [
              11.0368752,
              45.9026229
            ],
            [
              11.0368719,
              45.902587
            ],
            [
              11.0368957,
              45.9025834
            ],
            [
              11.0370628,
              45.9025177
            ],
            [
              11.0371101,
              45.9024954
            ],
            [
              11.0372221,
              45.9024425
            ],
            [
              11.0373656,
              45.9023659
            ],
            [
              11.0378395,
              45.902422
            ],
            [
              11.0378473,
              45.9023877
            ],
            [
              11.0380145,
              45.902411
            ]
          ]
        ]
      },
      "id": "way/321204976"
    },
    {
      "type": "Feature",
      "properties": {
        "@id": "way/392546561",
        "amenity": "parking",
        "fee": "no",
        "parking": "surface",
        "surface": "asphalt"
      },
      "geometry": {
        "type": "Polygon",
        "coordinates": [
          [
            [
              11.0693076,
              45.8819981
            ],
            [
              11.0692867,
              45.8819716
            ],
            [
              11.0697818,
              45.881794
            ],
            [
              11.0697152,
              45.8819517
            ],
            [
              11.0695914,
              45.8820127
            ],
            [
              11.0693781,
              45.882018
            ],
            [
              11.069327,
              45.8820036
            ],
            [
              11.0693076,
              45.8819981
            ]
          ]
        ]
      },
      "id": "way/392546561"
    },
    {
      "type": "Feature",
      "properties": {
        "@id": "way/398949201",
        "amenity": "parking",
        "parking": "surface"
      },
      "geometry": {
        "type": "Polygon",
        "coordinates": [
          [
            [
              11.0063101,
              45.860049
            ],
            [
              11.0064003,
              45.860448
            ],
            [
              11.0055588,
              45.860574
            ],
            [
              11.005566,
              45.8605131
            ],
            [
              11.0055691,
              45.8604197
            ],
            [
              11.0055592,
              45.8603292
            ],
            [
              11.0055331,
              45.8602472
            ],
            [
              11.0054994,
              45.8601427
            ],
            [
              11.0055404,
              45.8601438
            ],
            [
              11.0056505,
              45.8601579
            ],
            [
              11.0057504,
              45.8601655
            ],
            [
              11.0058405,
              45.8601553
            ],
            [
              11.0059536,
              45.8601322
            ],
            [
              11.0063101,
              45.860049
            ]
          ]
        ]
      },
      "id": "way/398949201"
    },
    {
      "type": "Feature",
      "properties": {
        "@id": "way/401778400",
        "access": "customers",
        "amenity": "parking",
        "fee": "no",
        "parking": "surface"
      },
      "geometry": {
        "type": "Polygon",
        "coordinates": [
          [
            [
              11.0593494,
              45.8854872
            ],
            [
              11.0593063,
              45.8854314
            ],
            [
              11.0597722,
              45.8852542
            ],
            [
              11.0598192,
              45.8853142
            ],
            [
              11.0593494,
              45.8854872
            ]
          ]
        ]
      },
      "id": "way/401778400"
    },
    {
      "type": "Feature",
      "properties": {
        "@id": "way/404305728",
        "access": "yes",
        "amenity": "parking",
        "fee": "no",
        "parking": "surface"
      },
      "geometry": {
        "type": "Polygon",
        "coordinates": [
          [
            [
              11.0286153,
              45.8946915
            ],
            [
              11.0287772,
              45.8949433
            ],
            [
              11.0285944,
              45.8950003
            ],
            [
              11.0285707,
              45.8949612
            ],
            [
              11.0284347,
              45.8947494
            ],
            [
              11.0285287,
              45.8947196
            ],
            [
              11.0286153,
              45.8946915
            ]
          ]
        ]
      },
      "id": "way/404305728"
    },
    {
      "type": "Feature",
      "properties": {
        "@id": "way/429027857",
        "access": "private",
        "amenity": "parking"
      },
      "geometry": {
        "type": "Polygon",
        "coordinates": [
          [
            [
              11.0381653,
              45.8764884
            ],
            [
              11.0380102,
              45.8763019
            ],
            [
              11.038082,
              45.876273
            ],
            [
              11.0381263,
              45.8762551
            ],
            [
              11.0382815,
              45.8764415
            ],
            [
              11.0381653,
              45.8764884
            ]
          ]
        ]
      },
      "id": "way/429027857"
    },
    {
      "type": "Feature",
      "properties": {
        "@id": "way/462955974",
        "access": "yes",
        "amenity": "parking",
        "capacity:bus": "3",
        "capacity:disabled": "2",
        "fee": "no",
        "parking": "surface",
        "supervised": "no",
        "surface": "asphalt"
      },
      "geometry": {
        "type": "Polygon",
        "coordinates": [
          [
            [
              11.0356524,
              45.872505
            ],
            [
              11.0355944,
              45.8723619
            ],
            [
              11.0357033,
              45.8718996
            ],
            [
              11.0357525,
              45.8719045
            ],
            [
              11.0358332,
              45.8721543
            ],
            [
              11.0358667,
              45.872258
            ],
            [
              11.0359527,
              45.8723925
            ],
            [
              11.0359229,
              45.8724292
            ],
            [
              11.0356524,
              45.872505
            ]
          ]
        ]
      },
      "id": "way/462955974"
    },
    {
      "type": "Feature",
      "properties": {
        "@id": "way/495223642",
        "access": "customers",
        "amenity": "parking",
        "fee": "no",
        "parking": "surface",
        "surface": "paved"
      },
      "geometry": {
        "type": "Polygon",
        "coordinates": [
          [
            [
              10.999761,
              45.861712
            ],
            [
              10.9998586,
              45.861681
            ],
            [
              11.000028,
              45.861735
            ],
            [
              11.0000666,
              45.8617473
            ],
            [
              11.0003263,
              45.8616755
            ],
            [
              11.0005393,
              45.8616167
            ],
            [
              11.0005567,
              45.8616119
            ],
            [
              11.0006051,
              45.8618571
            ],
            [
              11.0001326,
              45.8620743
            ],
            [
              10.9998792,
              45.8621822
            ],
            [
              10.9996814,
              45.8622621
            ],
            [
              10.9995583,
              45.8623149
            ],
            [
              10.9994287,
              45.8621697
            ],
            [
              10.9996054,
              45.8620635
            ],
            [
              10.9996581,
              45.8621055
            ],
            [
              10.9997963,
              45.8620081
            ],
            [
              10.9998323,
              45.8619847
            ],
            [
              10.9998416,
              45.8619787
            ],
            [
              10.9998789,
              45.8619885
            ],
            [
              10.9999126,
              45.8619873
            ],
            [
              10.999957,
              45.8619778
            ],
            [
              11.0000288,
              45.8619381
            ],
            [
              11.0000376,
              45.8619275
            ],
            [
              11.000039,
              45.861917
            ],
            [
              11.0000316,
              45.8619066
            ],
            [
              11.0000211,
              45.8619063
            ],
            [
              10.9999537,
              45.8619264
            ],
            [
              10.999761,
              45.861712
            ]
          ]
        ]
      },
      "id": "way/495223642"
    },
    {
      "type": "Feature",
      "properties": {
        "@id": "way/496332467",
        "amenity": "parking"
      },
      "geometry": {
        "type": "Polygon",
        "coordinates": [
          [
            [
              11.0411691,
              45.9006043
            ],
            [
              11.0410106,
              45.9005937
            ],
            [
              11.0410226,
              45.9005067
            ],
            [
              11.0411811,
              45.9005174
            ],
            [
              11.0411691,
              45.9006043
            ]
          ]
        ]
      },
      "id": "way/496332467"
    },
    {
      "type": "Feature",
      "properties": {
        "@id": "way/496332932",
        "access": "yes",
        "amenity": "parking",
        "capacity:disabled": "2",
        "fee": "no",
        "parking": "surface",
        "surface": "asphalt"
      },
      "geometry": {
        "type": "Polygon",
        "coordinates": [
          [
            [
              11.0419342,
              45.9011617
            ],
            [
              11.0418749,
              45.9011551
            ],
            [
              11.042086,
              45.9004371
            ],
            [
              11.0421595,
              45.9004487
            ],
            [
              11.0419342,
              45.9011617
            ]
          ]
        ]
      },
      "id": "way/496332932"
    },
    {
      "type": "Feature",
      "properties": {
        "@id": "way/521490521",
        "access": "yes",
        "amenity": "parking",
        "fee": "no",
        "parking": "surface",
        "surface": "asphalt"
      },
      "geometry": {
        "type": "Polygon",
        "coordinates": [
          [
            [
              11.0425274,
              45.9122265
            ],
            [
              11.0422064,
              45.912399
            ],
            [
              11.0421439,
              45.9123387
            ],
            [
              11.0418456,
              45.9120642
            ],
            [
              11.0416721,
              45.9118829
            ],
            [
              11.0420402,
              45.9117123
            ],
            [
              11.0425274,
              45.9122265
            ]
          ]
        ]
      },
      "id": "way/521490521"
    },
    {
      "type": "Feature",
      "properties": {
        "@id": "way/523377622",
        "access": "no",
        "amenity": "parking",
        "capacity": "279",
        "capacity:parent": "yes",
        "fee": "yes",
        "layer": "-1",
        "name": "Parcheggio Multipiano Ospedale",
        "parking": "underground"
      },
      "geometry": {
        "type": "Polygon",
        "coordinates": [
          [
            [
              11.0392139,
              45.8803889
            ],
            [
              11.0391001,
              45.8802282
            ],
            [
              11.0391733,
              45.8802038
            ],
            [
              11.0393163,
              45.8801486
            ],
            [
              11.0394318,
              45.8803069
            ],
            [
              11.0392507,
              45.8803751
            ],
            [
              11.0392139,
              45.8803889
            ]
          ]
        ]
      },
      "id": "way/523377622"
    },
    {
      "type": "Feature",
      "properties": {
        "@id": "way/534641649",
        "amenity": "parking",
        "parking": "surface",
        "surface": "asphalt"
      },
      "geometry": {
        "type": "Polygon",
        "coordinates": [
          [
            [
              11.0482801,
              45.8905607
            ],
            [
              11.048269,
              45.8904224
            ],
            [
              11.0487554,
              45.8904035
            ],
            [
              11.0487665,
              45.8905418
            ],
            [
              11.0482801,
              45.8905607
            ]
          ]
        ]
      },
      "id": "way/534641649"
    },
    {
      "type": "Feature",
      "properties": {
        "@id": "way/545783508",
        "amenity": "parking",
        "fee": "no",
        "parking": "surface",
        "surface": "concrete:plates"
      },
      "geometry": {
        "type": "Polygon",
        "coordinates": [
          [
            [
              11.0395451,
              45.9001846
            ],
            [
              11.0394821,
              45.8999784
            ],
            [
              11.039561,
              45.8999616
            ],
            [
              11.0396362,
              45.9001639
            ],
            [
              11.0395451,
              45.9001846
            ]
          ]
        ]
      },
      "id": "way/545783508"
    },
    {
      "type": "Feature",
      "properties": {
        "@id": "way/556062652",
        "access": "yes",
        "amenity": "parking",
        "capacity": "20",
        "fee": "no",
        "parking": "surface"
      },
      "geometry": {
        "type": "Polygon",
        "coordinates": [
          [
            [
              11.0421157,
              45.8989021
            ],
            [
              11.0421917,
              45.8989337
            ],
            [
              11.0421584,
              45.8989725
            ],
            [
              11.0422088,
              45.8989934
            ],
            [
              11.0421757,
              45.8990319
            ],
            [
              11.0421934,
              45.8990393
            ],
            [
              11.0421716,
              45.8990646
            ],
            [
              11.0421901,
              45.8990723
            ],
            [
              11.0421439,
              45.8991262
            ],
            [
              11.0421613,
              45.8991335
            ],
            [
              11.0421228,
              45.8991783
            ],
            [
              11.0420637,
              45.8991538
            ],
            [
              11.0420198,
              45.8992049
            ],
            [
              11.0419162,
              45.8991618
            ],
            [
              11.0419668,
              45.8991028
            ],
            [
              11.0419497,
              45.8990957
            ],
            [
              11.0421157,
              45.8989021
            ]
          ]
        ]
      },
      "id": "way/556062652"
    },
    {
      "type": "Feature",
      "properties": {
        "@id": "way/560337361",
        "access": "no",
        "amenity": "parking",
        "parking": "multi-storey",
        "supervised": "no",
        "surface": "concrete"
      },
      "geometry": {
        "type": "Polygon",
        "coordinates": [
          [
            [
              11.0343371,
              45.889614
            ],
            [
              11.0347981,
              45.889589
            ],
            [
              11.0348309,
              45.889882
            ],
            [
              11.0347763,
              45.889885
            ],
            [
              11.0345549,
              45.889897
            ],
            [
              11.034494,
              45.8899003
            ],
            [
              11.034467,
              45.8896588
            ],
            [
              11.0343429,
              45.8896656
            ],
            [
              11.0343371,
              45.889614
            ]
          ]
        ]
      },
      "id": "way/560337361"
    },
    {
      "type": "Feature",
      "properties": {
        "@id": "way/589525452",
        "access": "yes",
        "amenity": "parking",
        "capacity": "15",
        "fee": "no",
        "parking": "surface",
        "surface": "asphalt"
      },
      "geometry": {
        "type": "Polygon",
        "coordinates": [
          [
            [
              11.012663,
              45.8446206
            ],
            [
              11.0126018,
              45.8443635
            ],
            [
              11.0128181,
              45.8443389
            ],
            [
              11.0129286,
              45.844601
            ],
            [
              11.012663,
              45.8446206
            ]
          ]
        ]
      },
      "id": "way/589525452"
    },
    {
      "type": "Feature",
      "properties": {
        "@id": "way/598700694",
        "access": "yes",
        "amenity": "parking",
        "fee": "no"
      },
      "geometry": {
        "type": "Polygon",
        "coordinates": [
          [
            [
              11.0231074,
              45.8887479
            ],
            [
              11.0232568,
              45.8891591
            ],
            [
              11.022961,
              45.8892124
            ],
            [
              11.0228632,
              45.88923
            ],
            [
              11.0228569,
              45.8892164
            ],
            [
              11.0227048,
              45.8892488
            ],
            [
              11.0225448,
              45.8888316
            ],
            [
              11.0225256,
              45.8887799
            ],
            [
              11.0228465,
              45.8887278
            ],
            [
              11.0228671,
              45.8887863
            ],
            [
              11.0230003,
              45.8887659
            ],
            [
              11.0231074,
              45.8887479
            ]
          ]
        ]
      },
      "id": "way/598700694"
    },
    {
      "type": "Feature",
      "properties": {
        "@id": "way/599469924",
        "access": "yes",
        "amenity": "parking",
        "fee": "no",
        "parking": "surface",
        "surface": "asphalt"
      },
      "geometry": {
        "type": "Polygon",
        "coordinates": [
          [
            [
              11.0419595,
              45.9113168
            ],
            [
              11.0421616,
              45.9112325
            ],
            [
              11.0423308,
              45.911429
            ],
            [
              11.0421288,
              45.9115132
            ],
            [
              11.0419595,
              45.9113168
            ]
          ]
        ]
      },
      "id": "way/599469924"
    },
    {
      "type": "Feature",
      "properties": {
        "@id": "way/614159754",
        "amenity": "parking"
      },
      "geometry": {
        "type": "Polygon",
        "coordinates": [
          [
            [
              11.0392749,
              45.898616
            ],
            [
              11.0393223,
              45.8986152
            ],
            [
              11.0393288,
              45.8987902
            ],
            [
              11.0392813,
              45.8987911
            ],
            [
              11.0392749,
              45.898616
            ]
          ]
        ]
      },
      "id": "way/614159754"
    },
    {
      "type": "Feature",
      "properties": {
        "@id": "way/614159755",
        "amenity": "parking"
      },
      "geometry": {
        "type": "Polygon",
        "coordinates": [
          [
            [
              11.0395855,
              45.8985412
            ],
            [
              11.0395902,
              45.8985728
            ],
            [
              11.0394278,
              45.8985846
            ],
            [
              11.039423,
              45.898553
            ],
            [
              11.0395855,
              45.8985412
            ]
          ]
        ]
      },
      "id": "way/614159755"
    },
    {
      "type": "Feature",
      "properties": {
        "@id": "way/614159756",
        "amenity": "parking"
      },
      "geometry": {
        "type": "Polygon",
        "coordinates": [
          [
            [
              11.0397058,
              45.8985315
            ],
            [
              11.0398462,
              45.8985217
            ],
            [
              11.0398512,
              45.8985565
            ],
            [
              11.0397108,
              45.8985664
            ],
            [
              11.0397058,
              45.8985315
            ]
          ]
        ]
      },
      "id": "way/614159756"
    },
    {
      "type": "Feature",
      "properties": {
        "@id": "way/619547484",
        "amenity": "parking",
        "parking": "street_side"
      },
      "geometry": {
        "type": "Polygon",
        "coordinates": [
          [
            [
              11.0124822,
              45.867571
            ],
            [
              11.0122101,
              45.8669426
            ],
            [
              11.0122996,
              45.8669209
            ],
            [
              11.0125754,
              45.8675511
            ],
            [
              11.0124822,
              45.867571
            ]
          ]
        ]
      },
      "id": "way/619547484"
    },
    {
      "type": "Feature",
      "properties": {
        "@id": "way/619550985",
        "access": "customers",
        "amenity": "parking",
        "fee": "no",
        "parking": "surface"
      },
      "geometry": {
        "type": "Polygon",
        "coordinates": [
          [
            [
              11.0112328,
              45.8677429
            ],
            [
              11.0113184,
              45.8677686
            ],
            [
              11.0113898,
              45.86779
            ],
            [
              11.0114977,
              45.8678225
            ],
            [
              11.0118535,
              45.8679545
            ],
            [
              11.0123249,
              45.8681151
            ],
            [
              11.012386,
              45.8681448
            ],
            [
              11.0124186,
              45.8681733
            ],
            [
              11.012447,
              45.8682072
            ],
            [
              11.0124612,
              45.8682322
            ],
            [
              11.0124701,
              45.8682741
            ],
            [
              11.0124744,
              45.8683186
            ],
            [
              11.0124869,
              45.8683504
            ],
            [
              11.0125081,
              45.8683797
            ],
            [
              11.0125386,
              45.8684042
            ],
            [
              11.0125826,
              45.868425
            ],
            [
              11.0126405,
              45.8684475
            ],
            [
              11.0127144,
              45.8684699
            ],
            [
              11.0127405,
              45.8684953
            ],
            [
              11.0127496,
              45.8685042
            ],
            [
              11.0127532,
              45.8685077
            ],
            [
              11.0127587,
              45.8685131
            ],
            [
              11.0127797,
              45.8685336
            ],
            [
              11.0128498,
              45.8685923
            ],
            [
              11.0131355,
              45.8687791
            ],
            [
              11.0130945,
              45.8688114
            ],
            [
              11.0126779,
              45.8685493
            ],
            [
              11.0122158,
              45.8682873
            ],
            [
              11.0116534,
              45.8679952
            ],
            [
              11.0112958,
              45.8678095
            ],
            [
              11.0112328,
              45.8677429
            ]
          ]
        ]
      },
      "id": "way/619550985"
    },
    {
      "type": "Feature",
      "properties": {
        "@id": "way/619759153",
        "access": "yes",
        "amenity": "parking",
        "capacity": "9",
        "capacity:disabled": "1",
        "fee": "no",
        "parking": "surface"
      },
      "geometry": {
        "type": "Polygon",
        "coordinates": [
          [
            [
              11.0129358,
              45.8678343
            ],
            [
              11.0129786,
              45.8679331
            ],
            [
              11.0130411,
              45.8680188
            ],
            [
              11.0130428,
              45.8680226
            ],
            [
              11.0129794,
              45.8680371
            ],
            [
              11.0129145,
              45.8679484
            ],
            [
              11.0128698,
              45.8678486
            ],
            [
              11.0129358,
              45.8678343
            ]
          ]
        ]
      },
      "id": "way/619759153"
    },
    {
      "type": "Feature",
      "properties": {
        "@id": "way/676890653",
        "access": "private",
        "amenity": "parking",
        "parking": "surface"
      },
      "geometry": {
        "type": "Polygon",
        "coordinates": [
          [
            [
              11.0376261,
              45.8918878
            ],
            [
              11.0376257,
              45.8917728
            ],
            [
              11.0379724,
              45.8917723
            ],
            [
              11.0379728,
              45.8918872
            ],
            [
              11.0376261,
              45.8918878
            ]
          ]
        ]
      },
      "id": "way/676890653"
    },
    {
      "type": "Feature",
      "properties": {
        "@id": "way/680672438",
        "access": "customers",
        "amenity": "parking",
        "fee": "yes",
        "parking": "surface"
      },
      "geometry": {
        "type": "Polygon",
        "coordinates": [
          [
            [
              11.0373094,
              45.8903203
            ],
            [
              11.0373074,
              45.8901799
            ],
            [
              11.0374103,
              45.8901792
            ],
            [
              11.0374123,
              45.8903196
            ],
            [
              11.0373094,
              45.8903203
            ]
          ]
        ]
      },
      "id": "way/680672438"
    },
    {
      "type": "Feature",
      "properties": {
        "@id": "way/680672439",
        "access": "private",
        "amenity": "parking",
        "parking": "surface"
      },
      "geometry": {
        "type": "Polygon",
        "coordinates": [
          [
            [
              11.0362877,
              45.8901036
            ],
            [
              11.0363405,
              45.8902446
            ],
            [
              11.0363423,
              45.8903303
            ],
            [
              11.0363475,
              45.8905724
            ],
            [
              11.0362065,
              45.890568
            ],
            [
              11.0362049,
              45.8905096
            ],
            [
              11.0362035,
              45.8903047
            ],
            [
              11.036199,
              45.8901792
            ],
            [
              11.0361978,
              45.8901256
            ],
            [
              11.0362318,
              45.8901173
            ],
            [
              11.0362877,
              45.8901036
            ]
          ]
        ]
      },
      "id": "way/680672439"
    },
    {
      "type": "Feature",
      "properties": {
        "@id": "way/686128725",
        "access": "yes",
        "amenity": "parking",
        "fee": "yes",
        "indoor": "room",
        "layer": "-1",
        "level": "-2",
        "lit": "yes",
        "parking": "underground",
        "repeat_on": "-4--2",
        "room": "amenity",
        "supervised": "no"
      },
      "geometry": {
        "type": "Polygon",
        "coordinates": [
          [
            [
              11.0403099,
              45.8913013
            ],
            [
              11.0401762,
              45.8913308
            ],
            [
              11.0400728,
              45.8911161
            ],
            [
              11.040141,
              45.891105
            ],
            [
              11.0401938,
              45.8910993
            ],
            [
              11.0401502,
              45.8910235
            ],
            [
              11.0405878,
              45.8910102
            ],
            [
              11.040597,
              45.8910683
            ],
            [
              11.0406292,
              45.8912876
            ],
            [
              11.0405409,
              45.8912916
            ],
            [
              11.0403099,
              45.8913013
            ]
          ]
        ]
      },
      "id": "way/686128725"
    },
    {
      "type": "Feature",
      "properties": {
        "@id": "way/686578699",
        "access": "customers",
        "amenity": "parking",
        "area": "amenity",
        "fee": "no",
        "indoor": "area",
        "level": "1",
        "parking": "rooftop",
        "surface": "concrete"
      },
      "geometry": {
        "type": "Polygon",
        "coordinates": [
          [
            [
              11.0158644,
              45.8704571
            ],
            [
              11.0141099,
              45.8693463
            ],
            [
              11.0133524,
              45.8688904
            ],
            [
              11.0133971,
              45.8688555
            ],
            [
              11.013424,
              45.8688349
            ],
            [
              11.0134507,
              45.8688145
            ],
            [
              11.0135921,
              45.8689031
            ],
            [
              11.0140499,
              45.8691901
            ],
            [
              11.0140787,
              45.8692082
            ],
            [
              11.0141583,
              45.869258
            ],
            [
              11.0141976,
              45.8692827
            ],
            [
              11.0142397,
              45.8693091
            ],
            [
              11.0143239,
              45.8693619
            ],
            [
              11.0144111,
              45.8694166
            ],
            [
              11.0145011,
              45.869473
            ],
            [
              11.0145193,
              45.8694844
            ],
            [
              11.0145384,
              45.8694964
            ],
            [
              11.0146188,
              45.8695468
            ],
            [
              11.0146474,
              45.8695647
            ],
            [
              11.0147469,
              45.8696112
            ],
            [
              11.0149007,
              45.869683
            ],
            [
              11.0149284,
              45.8696584
            ],
            [
              11.0149697,
              45.8696817
            ],
            [
              11.0150189,
              45.8697084
            ],
            [
              11.0150738,
              45.8697379
            ],
            [
              11.0150951,
              45.8697496
            ],
            [
              11.0151342,
              45.8697708
            ],
            [
              11.0151686,
              45.8697895
            ],
            [
              11.0150831,
              45.8698648
            ],
            [
              11.0151784,
              45.8699173
            ],
            [
              11.0152809,
              45.8699727
            ],
            [
              11.0153914,
              45.8700334
            ],
            [
              11.0155328,
              45.8701127
            ],
            [
              11.01567,
              45.8701991
            ],
            [
              11.0159664,
              45.8703785
            ],
            [
              11.0159379,
              45.8704005
            ],
            [
              11.015918,
              45.8704158
            ],
            [
              11.0158644,
              45.8704571
            ]
          ]
        ]
      },
      "id": "way/686578699"
    },
    {
      "type": "Feature",
      "properties": {
        "@id": "way/686612290",
        "access": "customers",
        "amenity": "parking",
        "capacity:disabled": "yes",
        "fee": "no",
        "indoor": "room",
        "level": "-1",
        "lit": "yes",
        "opening_hours": "08:00-22:30",
        "parking": "surface",
        "room": "amenity",
        "supervised": "no",
        "surface": "concrete"
      },
      "geometry": {
        "type": "Polygon",
        "coordinates": [
          [
            [
              11.0142722,
              45.8692195
            ],
            [
              11.0143158,
              45.8691838
            ],
            [
              11.0143619,
              45.8691461
            ],
            [
              11.0143949,
              45.8691209
            ],
            [
              11.0144057,
              45.8691114
            ],
            [
              11.0144333,
              45.869089
            ],
            [
              11.0144809,
              45.8690505
            ],
            [
              11.0145346,
              45.8690807
            ],
            [
              11.0145759,
              45.8691039
            ],
            [
              11.0146273,
              45.8691333
            ],
            [
              11.0146916,
              45.8691704
            ],
            [
              11.0147801,
              45.8692249
            ],
            [
              11.0148031,
              45.8692391
            ],
            [
              11.014925,
              45.8693142
            ],
            [
              11.0149965,
              45.8693582
            ],
            [
              11.0150281,
              45.8693776
            ],
            [
              11.0151163,
              45.8694309
            ],
            [
              11.015144,
              45.8694485
            ],
            [
              11.0152457,
              45.8695127
            ],
            [
              11.0152905,
              45.8695488
            ],
            [
              11.0152726,
              45.8695612
            ],
            [
              11.0151819,
              45.8696417
            ],
            [
              11.0152951,
              45.8697076
            ],
            [
              11.0153679,
              45.8697499
            ],
            [
              11.0154218,
              45.8697813
            ],
            [
              11.0154559,
              45.8698012
            ],
            [
              11.0155399,
              45.86985
            ],
            [
              11.0155697,
              45.8698252
            ],
            [
              11.0155867,
              45.869835
            ],
            [
              11.0155995,
              45.8698425
            ],
            [
              11.0156694,
              45.8697829
            ],
            [
              11.0156906,
              45.8697981
            ],
            [
              11.0156965,
              45.8698016
            ],
            [
              11.0156936,
              45.869804
            ],
            [
              11.015742,
              45.8698322
            ],
            [
              11.0157272,
              45.8698445
            ],
            [
              11.0158376,
              45.8699051
            ],
            [
              11.0158898,
              45.8699383
            ],
            [
              11.0159223,
              45.8699589
            ],
            [
              11.0159451,
              45.8699733
            ],
            [
              11.0160965,
              45.8700694
            ],
            [
              11.0161169,
              45.8700824
            ],
            [
              11.016345,
              45.8702272
            ],
            [
              11.0163733,
              45.8702451
            ],
            [
              11.0164374,
              45.8702858
            ],
            [
              11.0161593,
              45.8705
            ],
            [
              11.0159664,
              45.8703785
            ],
            [
              11.0159379,
              45.8704005
            ],
            [
              11.015918,
              45.8704158
            ],
            [
              11.0158644,
              45.8704571
            ],
            [
              11.0141099,
              45.8693463
            ],
            [
              11.0133524,
              45.8688904
            ],
            [
              11.0134507,
              45.8688145
            ],
            [
              11.0135921,
              45.8689031
            ],
            [
              11.0140499,
              45.8691901
            ],
            [
              11.0140787,
              45.8692082
            ],
            [
              11.0141583,
              45.869258
            ],
            [
              11.0141976,
              45.8692827
            ],
            [
              11.0142722,
              45.8692195
            ]
          ]
        ]
      },
      "id": "way/686612290"
    },
    {
      "type": "Feature",
      "properties": {
        "@id": "way/692365959",
        "amenity": "parking",
        "fee": "no",
        "maxstay": "1 hour",
        "parking": "street_side",
        "smoothness": "excellent",
        "surface": "paving_stones"
      },
      "geometry": {
        "type": "Polygon",
        "coordinates": [
          [
            [
              11.0328532,
              45.8755202
            ],
            [
              11.0326567,
              45.8756104
            ],
            [
              11.0326065,
              45.8755573
            ],
            [
              11.0328029,
              45.8754671
            ],
            [
              11.0328532,
              45.8755202
            ]
          ]
        ]
      },
      "id": "way/692365959"
    },
    {
      "type": "Feature",
      "properties": {
        "@id": "way/692450871",
        "amenity": "parking",
        "capacity:disabled": "1",
        "fee": "no",
        "maxstay": "1 hour",
        "parking": "street_side",
        "smoothness": "excellent",
        "surface": "paving_stones"
      },
      "geometry": {
        "type": "Polygon",
        "coordinates": [
          [
            [
              11.0328541,
              45.8754436
            ],
            [
              11.0332338,
              45.8752692
            ],
            [
              11.0332841,
              45.8753223
            ],
            [
              11.0329043,
              45.8754967
            ],
            [
              11.0328541,
              45.8754436
            ]
          ]
        ]
      },
      "id": "way/692450871"
    },
    {
      "type": "Feature",
      "properties": {
        "@id": "way/698828753",
        "access": "yes",
        "amenity": "parking",
        "fee": "no",
        "parking": "surface",
        "surface": "asphalt"
      },
      "geometry": {
        "type": "Polygon",
        "coordinates": [
          [
            [
              11.0529301,
              45.9042686
            ],
            [
              11.0525615,
              45.904164
            ],
            [
              11.0524274,
              45.9042014
            ],
            [
              11.0522344,
              45.9041436
            ],
            [
              11.0521929,
              45.9039075
            ],
            [
              11.052354,
              45.9038539
            ],
            [
              11.0524561,
              45.9039644
            ],
            [
              11.0526165,
              45.9040764
            ],
            [
              11.0527584,
              45.9041193
            ],
            [
              11.0527803,
              45.9041324
            ],
            [
              11.052889,
              45.9041976
            ],
            [
              11.0529301,
              45.9042686
            ]
          ]
        ]
      },
      "id": "way/698828753"
    },
    {
      "type": "Feature",
      "properties": {
        "@id": "way/702252852",
        "access": "yes",
        "amenity": "parking",
        "fee": "no",
        "hgv": "designated",
        "parking": "surface"
      },
      "geometry": {
        "type": "Polygon",
        "coordinates": [
          [
            [
              11.0003708,
              45.8468951
            ],
            [
              11.0002393,
              45.8467133
            ],
            [
              11.0006321,
              45.8458516
            ],
            [
              11.0008997,
              45.8452648
            ],
            [
              11.0010407,
              45.8454543
            ],
            [
              11.0007675,
              45.8460419
            ],
            [
              11.0003708,
              45.8468951
            ]
          ]
        ]
      },
      "id": "way/702252852"
    },
    {
      "type": "Feature",
      "properties": {
        "@id": "way/702252854",
        "access": "yes",
        "amenity": "parking",
        "fee": "no",
        "hgv": "designated",
        "parking": "surface"
      },
      "geometry": {
        "type": "Polygon",
        "coordinates": [
          [
            [
              11.0003937,
              45.8460294
            ],
            [
              11.0001543,
              45.8461042
            ],
            [
              11.0005653,
              45.8451997
            ],
            [
              11.0008089,
              45.8451094
            ],
            [
              11.0003937,
              45.8460294
            ]
          ]
        ]
      },
      "id": "way/702252854"
    },
    {
      "type": "Feature",
      "properties": {
        "@id": "way/702252856",
        "access": "yes",
        "amenity": "parking",
        "fee": "no",
        "hgv": "designated",
        "parking": "surface"
      },
      "geometry": {
        "type": "Polygon",
        "coordinates": [
          [
            [
              11.0009328,
              45.8467572
            ],
            [
              11.0008127,
              45.8465925
            ],
            [
              11.0013853,
              45.8453386
            ],
            [
              11.0015095,
              45.8455197
            ],
            [
              11.0009328,
              45.8467572
            ]
          ]
        ]
      },
      "id": "way/702252856"
    },
    {
      "type": "Feature",
      "properties": {
        "@id": "way/702252857",
        "highway": "rest_area",
        "toilets": "yes"
      },
      "geometry": {
        "type": "Polygon",
        "coordinates": [
          [
            [
              11.0003574,
              45.8470869
            ],
            [
              11.0003288,
              45.8469929
            ],
            [
              11.000129,
              45.8467326
            ],
            [
              10.9999277,
              45.84651
            ],
            [
              10.999942,
              45.8462418
            ],
            [
              11.00002,
              45.8459065
            ],
            [
              11.0000849,
              45.8457077
            ],
            [
              11.0002536,
              45.8453841
            ],
            [
              11.0003184,
              45.8452829
            ],
            [
              11.000539,
              45.8451021
            ],
            [
              11.0006298,
              45.8450371
            ],
            [
              11.0009516,
              45.8448635
            ],
            [
              11.0010157,
              45.8448483
            ],
            [
              11.0010541,
              45.8448374
            ],
            [
              11.0010886,
              45.8448293
            ],
            [
              11.0015045,
              45.8448822
            ],
            [
              11.0015114,
              45.8448832
            ],
            [
              11.0017467,
              45.8449299
            ],
            [
              11.001806,
              45.8449539
            ],
            [
              11.0018514,
              45.8449756
            ],
            [
              11.0019136,
              45.8450152
            ],
            [
              11.0019368,
              45.8450514
            ],
            [
              11.0020546,
              45.8452354
            ],
            [
              11.0021394,
              45.8453677
            ],
            [
              11.0021316,
              45.8455051
            ],
            [
              11.0019989,
              45.8457593
            ],
            [
              11.001946,
              45.845746
            ],
            [
              11.0018884,
              45.8457364
            ],
            [
              11.0018617,
              45.8456912
            ],
            [
              11.0014952,
              45.8458504
            ],
            [
              11.0013869,
              45.8460908
            ],
            [
              11.0010391,
              45.8468626
            ],
            [
              11.0011014,
              45.8469086
            ],
            [
              11.0011309,
              45.8469307
            ],
            [
              11.0011504,
              45.8469453
            ],
            [
              11.0012234,
              45.8469999
            ],
            [
              11.0011927,
              45.8470187
            ],
            [
              11.0010765,
              45.8470896
            ],
            [
              11.0009349,
              45.8471761
            ],
            [
              11.0008765,
              45.8472079
            ],
            [
              11.0008655,
              45.8472357
            ],
            [
              11.0008498,
              45.8472751
            ],
            [
              11.0008337,
              45.8473164
            ],
            [
              11.0007592,
              45.8475075
            ],
            [
              11.0006735,
              45.8474924
            ],
            [
              11.0006547,
              45.8474681
            ],
            [
              11.0003838,
              45.8472271
            ],
            [
              11.0003151,
              45.8471537
            ],
            [
              11.0003574,
              45.8470869
            ]
          ]
        ]
      },
      "id": "way/702252857"
    },
    {
      "type": "Feature",
      "properties": {
        "@id": "way/702252863",
        "access": "yes",
        "amenity": "parking",
        "fee": "no",
        "hgv": "designated",
        "parking": "surface"
      },
      "geometry": {
        "type": "Polygon",
        "coordinates": [
          [
            [
              11.0013356,
              45.8450877
            ],
            [
              11.0012162,
              45.8449097
            ],
            [
              11.0012044,
              45.844892
            ],
            [
              11.0019368,
              45.8450514
            ],
            [
              11.0020546,
              45.8452354
            ],
            [
              11.0013356,
              45.8450877
            ]
          ]
        ]
      },
      "id": "way/702252863"
    },
    {
      "type": "Feature",
      "properties": {
        "@id": "way/727034826",
        "access": "yes",
        "amenity": "parking",
        "fee": "no",
        "parking": "surface"
      },
      "geometry": {
        "type": "Polygon",
        "coordinates": [
          [
            [
              11.0313702,
              45.8845283
            ],
            [
              11.0313433,
              45.8843256
            ],
            [
              11.0315144,
              45.8843128
            ],
            [
              11.0315314,
              45.8845195
            ],
            [
              11.0314908,
              45.8845217
            ],
            [
              11.0313702,
              45.8845283
            ]
          ]
        ]
      },
      "id": "way/727034826"
    },
    {
      "type": "Feature",
      "properties": {
        "@id": "way/727034894",
        "access": "private",
        "amenity": "parking",
        "parking": "surface"
      },
      "geometry": {
        "type": "Polygon",
        "coordinates": [
          [
            [
              11.0302672,
              45.884991
            ],
            [
              11.0302405,
              45.8848314
            ],
            [
              11.0302276,
              45.8847547
            ],
            [
              11.030892,
              45.8847078
            ],
            [
              11.0309799,
              45.8847016
            ],
            [
              11.0310082,
              45.8849299
            ],
            [
              11.0302672,
              45.884991
            ]
          ]
        ]
      },
      "id": "way/727034894"
    },
    {
      "type": "Feature",
      "properties": {
        "@id": "way/727036209",
        "access": "customers",
        "amenity": "parking",
        "fee": "no",
        "parking": "surface"
      },
      "geometry": {
        "type": "Polygon",
        "coordinates": [
          [
            [
              11.0300595,
              45.8853389
            ],
            [
              11.0300214,
              45.8852201
            ],
            [
              11.0300061,
              45.8851405
            ],
            [
              11.0301326,
              45.8851341
            ],
            [
              11.0301585,
              45.8853304
            ],
            [
              11.0300595,
              45.8853389
            ]
          ]
        ]
      },
      "id": "way/727036209"
    },
    {
      "type": "Feature",
      "properties": {
        "@id": "way/727037547",
        "access": "customers",
        "amenity": "parking",
        "fee": "no",
        "parking": "surface"
      },
      "geometry": {
        "type": "Polygon",
        "coordinates": [
          [
            [
              11.0289548,
              45.8862168
            ],
            [
              11.0290965,
              45.8860406
            ],
            [
              11.0292923,
              45.8861358
            ],
            [
              11.0291495,
              45.8862779
            ],
            [
              11.0289548,
              45.8862168
            ]
          ]
        ]
      },
      "id": "way/727037547"
    },
    {
      "type": "Feature",
      "properties": {
        "@id": "way/735259314",
        "access": "customers",
        "amenity": "parking",
        "fee": "no",
        "parking": "surface",
        "surface": "asphalt"
      },
      "geometry": {
        "type": "Polygon",
        "coordinates": [
          [
            [
              11.0359596,
              45.8993024
            ],
            [
              11.0361143,
              45.8993115
            ],
            [
              11.0362852,
              45.8993149
            ],
            [
              11.036295,
              45.8994633
            ],
            [
              11.035997,
              45.8994996
            ],
            [
              11.0359596,
              45.8993024
            ]
          ]
        ]
      },
      "id": "way/735259314"
    },
    {
      "type": "Feature",
      "properties": {
        "@id": "way/735398606",
        "access": "private",
        "amenity": "parking",
        "parking": "surface"
      },
      "geometry": {
        "type": "Polygon",
        "coordinates": [
          [
            [
              11.0356358,
              45.8995854
            ],
            [
              11.0363816,
              45.8995001
            ],
            [
              11.0364332,
              45.8997217
            ],
            [
              11.0356749,
              45.8997904
            ],
            [
              11.0356358,
              45.8995854
            ]
          ]
        ]
      },
      "id": "way/735398606"
    },
    {
      "type": "Feature",
      "properties": {
        "@id": "way/736769901",
        "access": "yes",
        "amenity": "parking",
        "fee": "no",
        "parking": "surface"
      },
      "geometry": {
        "type": "Polygon",
        "coordinates": [
          [
            [
              11.0369439,
              45.8981999
            ],
            [
              11.0370526,
              45.8985498
            ],
            [
              11.0370631,
              45.8985836
            ],
            [
              11.0370019,
              45.8985927
            ],
            [
              11.0367347,
              45.8986323
            ],
            [
              11.0366721,
              45.8986416
            ],
            [
              11.0365892,
              45.8986539
            ],
            [
              11.0363125,
              45.898696
            ],
            [
              11.0362453,
              45.8987055
            ],
            [
              11.0361842,
              45.8987142
            ],
            [
              11.0362214,
              45.8985482
            ],
            [
              11.0366166,
              45.8985526
            ],
            [
              11.0366184,
              45.8984996
            ],
            [
              11.0367058,
              45.8984963
            ],
            [
              11.0367071,
              45.898449
            ],
            [
              11.0366643,
              45.8984486
            ],
            [
              11.036663,
              45.8984435
            ],
            [
              11.0367344,
              45.8984332
            ],
            [
              11.0366575,
              45.8982068
            ],
            [
              11.036558,
              45.8982233
            ],
            [
              11.0365563,
              45.8981955
            ],
            [
              11.036546,
              45.8981954
            ],
            [
              11.0365482,
              45.898145
            ],
            [
              11.0364843,
              45.89806
            ],
            [
              11.0364248,
              45.8980591
            ],
            [
              11.0364802,
              45.8979811
            ],
            [
              11.0364758,
              45.8979753
            ],
            [
              11.0364829,
              45.8979729
            ],
            [
              11.0364217,
              45.8979009
            ],
            [
              11.0363305,
              45.8979383
            ],
            [
              11.0361574,
              45.8981814
            ],
            [
              11.0359783,
              45.8984334
            ],
            [
              11.0359429,
              45.8984838
            ],
            [
              11.0357854,
              45.8984316
            ],
            [
              11.036407,
              45.8974928
            ],
            [
              11.0364926,
              45.897493
            ],
            [
              11.0365642,
              45.8975034
            ],
            [
              11.0366095,
              45.8975173
            ],
            [
              11.0366698,
              45.8975459
            ],
            [
              11.0367287,
              45.8975935
            ],
            [
              11.0367588,
              45.8976365
            ],
            [
              11.0367979,
              45.897747
            ],
            [
              11.0369149,
              45.8981098
            ],
            [
              11.0367833,
              45.898131
            ],
            [
              11.0368084,
              45.8981974
            ],
            [
              11.0369439,
              45.8981999
            ]
          ]
        ]
      },
      "id": "way/736769901"
    },
    {
      "type": "Feature",
      "properties": {
        "@id": "way/738055112",
        "amenity": "parking",
        "fee": "no",
        "parking": "surface",
        "surface": "asphalt"
      },
      "geometry": {
        "type": "Polygon",
        "coordinates": [
          [
            [
              11.0292394,
              45.8678926
            ],
            [
              11.0292309,
              45.8677694
            ],
            [
              11.0295355,
              45.8677054
            ],
            [
              11.0296468,
              45.867868
            ],
            [
              11.0292394,
              45.8678926
            ]
          ]
        ]
      },
      "id": "way/738055112"
    },
    {
      "type": "Feature",
      "properties": {
        "@id": "way/738885788",
        "access": "private",
        "amenity": "parking",
        "parking": "surface"
      },
      "geometry": {
        "type": "Polygon",
        "coordinates": [
          [
            [
              11.039889,
              45.9062173
            ],
            [
              11.0400038,
              45.9062197
            ],
            [
              11.0400015,
              45.906286
            ],
            [
              11.0400018,
              45.9063563
            ],
            [
              11.0398729,
              45.9063572
            ],
            [
              11.0398733,
              45.9063041
            ],
            [
              11.0398743,
              45.9062427
            ],
            [
              11.0398893,
              45.906242
            ],
            [
              11.039889,
              45.9062173
            ]
          ]
        ]
      },
      "id": "way/738885788"
    },
    {
      "type": "Feature",
      "properties": {
        "@id": "way/738886664",
        "access": "private",
        "amenity": "parking",
        "parking": "surface",
        "surface": "asphalt"
      },
      "geometry": {
        "type": "Polygon",
        "coordinates": [
          [
            [
              11.0387952,
              45.9057614
            ],
            [
              11.0388492,
              45.9057416
            ],
            [
              11.0394526,
              45.9055331
            ],
            [
              11.03948,
              45.9055971
            ],
            [
              11.0394847,
              45.9056537
            ],
            [
              11.039509,
              45.9056899
            ],
            [
              11.039252,
              45.9057812
            ],
            [
              11.039182,
              45.9058061
            ],
            [
              11.0392116,
              45.9058481
            ],
            [
              11.0389644,
              45.9059345
            ],
            [
              11.0389284,
              45.9059471
            ],
            [
              11.0388977,
              45.9059044
            ],
            [
              11.0387952,
              45.9057614
            ]
          ]
        ]
      },
      "id": "way/738886664"
    },
    {
      "type": "Feature",
      "properties": {
        "@id": "way/757778688",
        "access": "yes",
        "amenity": "parking",
        "capacity:disabled": "yes",
        "fee": "yes",
        "indoor": "room",
        "layer": "-1",
        "level": "-1",
        "lit": "yes",
        "parking": "underground",
        "repeat_on": "-2--1",
        "room": "amenity",
        "smoothness": "excellent",
        "surface": "concrete"
      },
      "geometry": {
        "type": "Polygon",
        "coordinates": [
          [
            [
              11.0392435,
              45.8927166
            ],
            [
              11.0389396,
              45.8923505
            ],
            [
              11.0394561,
              45.8921555
            ],
            [
              11.0396744,
              45.8920779
            ],
            [
              11.039795,
              45.8922497
            ],
            [
              11.0397515,
              45.8925187
            ],
            [
              11.0397528,
              45.8925596
            ],
            [
              11.0394766,
              45.8926711
            ],
            [
              11.0393335,
              45.8927277
            ],
            [
              11.0392696,
              45.8927499
            ],
            [
              11.0392435,
              45.8927166
            ]
          ]
        ]
      },
      "id": "way/757778688"
    },
    {
      "type": "Feature",
      "properties": {
        "@id": "way/876025395",
        "access": "yes",
        "amenity": "parking",
        "fee": "no",
        "parking": "surface",
        "surface": "grass_paver"
      },
      "geometry": {
        "type": "Polygon",
        "coordinates": [
          [
            [
              11.0436151,
              45.9137007
            ],
            [
              11.0435836,
              45.9136764
            ],
            [
              11.0437856,
              45.91355
            ],
            [
              11.0438166,
              45.913574
            ],
            [
              11.0436151,
              45.9137007
            ]
          ]
        ]
      },
      "id": "way/876025395"
    },
    {
      "type": "Feature",
      "properties": {
        "@id": "way/883841912",
        "access": "yes",
        "amenity": "parking",
        "fee": "no",
        "parking": "surface",
        "surface": "asphalt"
      },
      "geometry": {
        "type": "Polygon",
        "coordinates": [
          [
            [
              11.070439,
              45.8833853
            ],
            [
              11.0705115,
              45.8833746
            ],
            [
              11.0704065,
              45.8830284
            ],
            [
              11.0703756,
              45.8830329
            ],
            [
              11.0703474,
              45.8829468
            ],
            [
              11.070341,
              45.8829273
            ],
            [
              11.0704662,
              45.8829053
            ],
            [
              11.0706393,
              45.8831841
            ],
            [
              11.0706899,
              45.883386
            ],
            [
              11.0704504,
              45.8834262
            ],
            [
              11.070439,
              45.8833853
            ]
          ]
        ]
      },
      "id": "way/883841912"
    },
    {
      "type": "Feature",
      "properties": {
        "@id": "way/896131726",
        "access": "customers",
        "amenity": "parking",
        "parking": "surface"
      },
      "geometry": {
        "type": "Polygon",
        "coordinates": [
          [
            [
              11.0419609,
              45.8850041
            ],
            [
              11.0421256,
              45.8848467
            ],
            [
              11.0423806,
              45.885
            ],
            [
              11.0422921,
              45.8850613
            ],
            [
              11.042231,
              45.8851242
            ],
            [
              11.0419609,
              45.8850041
            ]
          ]
        ]
      },
      "id": "way/896131726"
    },
    {
      "type": "Feature",
      "properties": {
        "@id": "way/908502815",
        "access": "customers",
        "amenity": "parking",
        "fee": "no",
        "parking": "surface"
      },
      "geometry": {
        "type": "Polygon",
        "coordinates": [
          [
            [
              11.0014113,
              45.8609474
            ],
            [
              11.0013757,
              45.8609071
            ],
            [
              11.0015464,
              45.8608339
            ],
            [
              11.0015743,
              45.8608654
            ],
            [
              11.0015821,
              45.8608742
            ],
            [
              11.0014113,
              45.8609474
            ]
          ]
        ]
      },
      "id": "way/908502815"
    },
    {
      "type": "Feature",
      "properties": {
        "@id": "way/908502816",
        "access": "customers",
        "amenity": "parking",
        "fee": "no",
        "parking": "surface"
      },
      "geometry": {
        "type": "Polygon",
        "coordinates": [
          [
            [
              11.0013411,
              45.8608545
            ],
            [
              11.0013068,
              45.8608142
            ],
            [
              11.0013293,
              45.860805
            ],
            [
              11.0013001,
              45.8607707
            ],
            [
              11.00145,
              45.8607087
            ],
            [
              11.0015135,
              45.8607832
            ],
            [
              11.0013411,
              45.8608545
            ]
          ]
        ]
      },
      "id": "way/908502816"
    },
    {
      "type": "Feature",
      "properties": {
        "@id": "way/908502817",
        "access": "customers",
        "amenity": "parking",
        "fee": "no",
        "parking": "street_side"
      },
      "geometry": {
        "type": "Polygon",
        "coordinates": [
          [
            [
              11.0013165,
              45.8612075
            ],
            [
              11.0013701,
              45.861178
            ],
            [
              11.0014445,
              45.8613233
            ],
            [
              11.0013822,
              45.8613561
            ],
            [
              11.0013165,
              45.8612075
            ]
          ]
        ]
      },
      "id": "way/908502817"
    },
    {
      "type": "Feature",
      "properties": {
        "@id": "way/908502818",
        "access": "customers",
        "amenity": "parking",
        "fee": "no",
        "parking": "surface"
      },
      "geometry": {
        "type": "Polygon",
        "coordinates": [
          [
            [
              11.0012963,
              45.8611533
            ],
            [
              11.001173,
              45.8608535
            ],
            [
              11.0011243,
              45.8607358
            ],
            [
              11.0011392,
              45.8607253
            ],
            [
              11.001179,
              45.8606973
            ],
            [
              11.00136,
              45.8611152
            ],
            [
              11.0012963,
              45.8611533
            ]
          ]
        ]
      },
      "id": "way/908502818"
    },
    {
      "type": "Feature",
      "properties": {
        "@id": "way/908502819",
        "access": "customers",
        "amenity": "parking",
        "fee": "no",
        "parking": "surface"
      },
      "geometry": {
        "type": "Polygon",
        "coordinates": [
          [
            [
              11.0012766,
              45.860721
            ],
            [
              11.0012376,
              45.8606778
            ],
            [
              11.0013862,
              45.8606127
            ],
            [
              11.0014253,
              45.860656
            ],
            [
              11.0012766,
              45.860721
            ]
          ]
        ]
      },
      "id": "way/908502819"
    },
    {
      "type": "Feature",
      "properties": {
        "@id": "way/908502820",
        "access": "customers",
        "amenity": "parking",
        "fee": "no",
        "parking": "surface"
      },
      "geometry": {
        "type": "Polygon",
        "coordinates": [
          [
            [
              11.0014105,
              45.8610471
            ],
            [
              11.0013819,
              45.860982
            ],
            [
              11.0014471,
              45.8609681
            ],
            [
              11.0014757,
              45.8610332
            ],
            [
              11.0014105,
              45.8610471
            ]
          ]
        ]
      },
      "id": "way/908502820"
    },
    {
      "type": "Feature",
      "properties": {
        "@id": "way/908502822",
        "access": "customers",
        "amenity": "parking",
        "fee": "no",
        "parking": "street_side"
      },
      "geometry": {
        "type": "Polygon",
        "coordinates": [
          [
            [
              11.0015055,
              45.861277
            ],
            [
              11.0014586,
              45.8611808
            ],
            [
              11.0015203,
              45.8611547
            ],
            [
              11.0015666,
              45.8612499
            ],
            [
              11.0015055,
              45.861277
            ]
          ]
        ]
      },
      "id": "way/908502822"
    },
    {
      "type": "Feature",
      "properties": {
        "@id": "way/908502832",
        "access": "yes",
        "amenity": "parking",
        "fee": "no",
        "parking": "surface"
      },
      "geometry": {
        "type": "Polygon",
        "coordinates": [
          [
            [
              11.0020045,
              45.8611583
            ],
            [
              11.0020458,
              45.8611359
            ],
            [
              11.0020888,
              45.8611808
            ],
            [
              11.0021216,
              45.8612247
            ],
            [
              11.0021279,
              45.861259
            ],
            [
              11.0021304,
              45.8612916
            ],
            [
              11.0021405,
              45.8613215
            ],
            [
              11.0021544,
              45.8613566
            ],
            [
              11.0021671,
              45.8613839
            ],
            [
              11.0021885,
              45.8614103
            ],
            [
              11.0022163,
              45.8614393
            ],
            [
              11.0023009,
              45.8615052
            ],
            [
              11.0022744,
              45.8615149
            ],
            [
              11.0021772,
              45.8614516
            ],
            [
              11.0021519,
              45.8614287
            ],
            [
              11.0021241,
              45.8613953
            ],
            [
              11.0020976,
              45.8613566
            ],
            [
              11.00209,
              45.8613206
            ],
            [
              11.0020812,
              45.8612924
            ],
            [
              11.0020761,
              45.8612643
            ],
            [
              11.0020622,
              45.8612318
            ],
            [
              11.0020408,
              45.8612054
            ],
            [
              11.0020045,
              45.8611583
            ]
          ]
        ]
      },
      "id": "way/908502832"
    },
    {
      "type": "Feature",
      "properties": {
        "@id": "way/908502834",
        "access": "yes",
        "amenity": "parking",
        "fee": "no",
        "parking": "surface"
      },
      "geometry": {
        "type": "Polygon",
        "coordinates": [
          [
            [
              11.0023994,
              45.8615184
            ],
            [
              11.0024575,
              45.8615088
            ],
            [
              11.0025822,
              45.8618977
            ],
            [
              11.0025218,
              45.8619098
            ],
            [
              11.0023994,
              45.8615184
            ]
          ]
        ]
      },
      "id": "way/908502834"
    },
    {
      "type": "Feature",
      "properties": {
        "@id": "way/908530157",
        "access": "customers",
        "amenity": "parking",
        "fee": "no",
        "parking": "street_side"
      },
      "geometry": {
        "type": "Polygon",
        "coordinates": [
          [
            [
              11.0008489,
              45.8625044
            ],
            [
              11.0005282,
              45.862359
            ],
            [
              11.000573,
              45.8623332
            ],
            [
              11.0008805,
              45.8624725
            ],
            [
              11.0008489,
              45.8625044
            ]
          ]
        ]
      },
      "id": "way/908530157"
    },
    {
      "type": "Feature",
      "properties": {
        "@id": "way/908530158",
        "amenity": "parking",
        "parking": "street_side"
      },
      "geometry": {
        "type": "Polygon",
        "coordinates": [
          [
            [
              11.0014181,
              45.8626109
            ],
            [
              11.0014826,
              45.8625922
            ],
            [
              11.0017258,
              45.8629282
            ],
            [
              11.0017358,
              45.8629412
            ],
            [
              11.0016191,
              45.8629018
            ],
            [
              11.0014181,
              45.8626109
            ]
          ]
        ]
      },
      "id": "way/908530158"
    },
    {
      "type": "Feature",
      "properties": {
        "@id": "way/908821097",
        "amenity": "parking",
        "parking": "street_side"
      },
      "geometry": {
        "type": "Polygon",
        "coordinates": [
          [
            [
              11.0077546,
              45.8655153
            ],
            [
              11.008329,
              45.8654984
            ],
            [
              11.0082539,
              45.8656012
            ],
            [
              11.0076916,
              45.865617
            ],
            [
              11.0077546,
              45.8655153
            ]
          ]
        ]
      },
      "id": "way/908821097"
    },
    {
      "type": "Feature",
      "properties": {
        "@id": "way/908854839",
        "access": "yes",
        "amenity": "parking",
        "capacity:disabled": "7",
        "fee": "no",
        "parking": "surface",
        "surface": "grass"
      },
      "geometry": {
        "type": "Polygon",
        "coordinates": [
          [
            [
              11.0006233,
              45.8614968
            ],
            [
              11.0005941,
              45.8613287
            ],
            [
              11.0006683,
              45.8612991
            ],
            [
              11.000728,
              45.8614501
            ],
            [
              11.0006233,
              45.8614968
            ]
          ]
        ]
      },
      "id": "way/908854839"
    },
    {
      "type": "Feature",
      "properties": {
        "@id": "way/908948605",
        "access": "yes",
        "amenity": "parking",
        "parking": "surface"
      },
      "geometry": {
        "type": "Polygon",
        "coordinates": [
          [
            [
              11.002334,
              45.8615916
            ],
            [
              11.002373,
              45.8615984
            ],
            [
              11.0024172,
              45.8618066
            ],
            [
              11.0024481,
              45.8619337
            ],
            [
              11.0024199,
              45.8619365
            ],
            [
              11.002391,
              45.8618536
            ],
            [
              11.0023803,
              45.8618144
            ],
            [
              11.002334,
              45.8615916
            ]
          ]
        ]
      },
      "id": "way/908948605"
    },
    {
      "type": "Feature",
      "properties": {
        "@id": "way/908948606",
        "access": "yes",
        "amenity": "parking",
        "fee": "no",
        "parking": "surface"
      },
      "geometry": {
        "type": "Polygon",
        "coordinates": [
          [
            [
              11.0024695,
              45.8619654
            ],
            [
              11.0026506,
              45.8623446
            ],
            [
              11.0027404,
              45.8625332
            ],
            [
              11.0027099,
              45.8625463
            ],
            [
              11.0024123,
              45.8619722
            ],
            [
              11.0024695,
              45.8619654
            ]
          ]
        ]
      },
      "id": "way/908948606"
    },
    {
      "type": "Feature",
      "properties": {
        "@id": "way/908948607",
        "amenity": "parking",
        "parking": "surface"
      },
      "geometry": {
        "type": "Polygon",
        "coordinates": [
          [
            [
              11.0030328,
              45.8628275
            ],
            [
              11.0029691,
              45.8628396
            ],
            [
              11.0029376,
              45.8627835
            ],
            [
              11.0028839,
              45.862663
            ],
            [
              11.002962,
              45.8626467
            ],
            [
              11.0030328,
              45.8628275
            ]
          ]
        ]
      },
      "id": "way/908948607"
    },
    {
      "type": "Feature",
      "properties": {
        "@id": "way/908948630",
        "access": "customers",
        "amenity": "parking",
        "fee": "no",
        "parking": "surface"
      },
      "geometry": {
        "type": "Polygon",
        "coordinates": [
          [
            [
              11.0022915,
              45.8562846
            ],
            [
              11.0023653,
              45.8563015
            ],
            [
              11.0023519,
              45.8569422
            ],
            [
              11.0023338,
              45.8569477
            ],
            [
              11.002262,
              45.8569133
            ],
            [
              11.0022915,
              45.8562846
            ]
          ]
        ]
      },
      "id": "way/908948630"
    },
    {
      "type": "Feature",
      "properties": {
        "@id": "way/908948631",
        "access": "customers",
        "amenity": "parking",
        "check_date": "2025-10-02",
        "fee": "no",
        "parking": "surface"
      },
      "geometry": {
        "type": "Polygon",
        "coordinates": [
          [
            [
              11.0020726,
              45.8560507
            ],
            [
              11.0021195,
              45.8560816
            ],
            [
              11.0019603,
              45.8562202
            ],
            [
              11.0019375,
              45.8562539
            ],
            [
              11.0019039,
              45.8563062
            ],
            [
              11.0015754,
              45.856988
            ],
            [
              11.0013446,
              45.8573093
            ],
            [
              11.0011555,
              45.857625
            ],
            [
              11.0011448,
              45.857654
            ],
            [
              11.0010386,
              45.8581225
            ],
            [
              11.0009742,
              45.8581225
            ],
            [
              11.0010895,
              45.8576255
            ],
            [
              11.0012008,
              45.8574079
            ],
            [
              11.0012813,
              45.8572864
            ],
            [
              11.001512,
              45.8569754
            ],
            [
              11.0015536,
              45.8569054
            ],
            [
              11.0017614,
              45.8564636
            ],
            [
              11.001854,
              45.8562693
            ],
            [
              11.0018808,
              45.8562301
            ],
            [
              11.0019063,
              45.8561908
            ],
            [
              11.0019371,
              45.85616
            ],
            [
              11.0020726,
              45.8560507
            ]
          ]
        ]
      },
      "id": "way/908948631"
    },
    {
      "type": "Feature",
      "properties": {
        "@id": "way/908948638",
        "access": "customers",
        "amenity": "parking",
        "fee": "no",
        "parking": "surface"
      },
      "geometry": {
        "type": "Polygon",
        "coordinates": [
          [
            [
              11.0013947,
              45.8574572
            ],
            [
              11.0013252,
              45.8574316
            ],
            [
              11.0016511,
              45.857001
            ],
            [
              11.0017651,
              45.8567544
            ],
            [
              11.0018191,
              45.8567717
            ],
            [
              11.0016853,
              45.857067
            ],
            [
              11.0013947,
              45.8574572
            ]
          ]
        ]
      },
      "id": "way/908948638"
    },
    {
      "type": "Feature",
      "properties": {
        "@id": "way/908948640",
        "access": "customers",
        "amenity": "parking",
        "fee": "no",
        "parking": "surface"
      },
      "geometry": {
        "type": "Polygon",
        "coordinates": [
          [
            [
              11.0011433,
              45.8581244
            ],
            [
              11.0011147,
              45.8581211
            ],
            [
              11.0012032,
              45.8576656
            ],
            [
              11.0013252,
              45.8574316
            ],
            [
              11.0013947,
              45.8574572
            ],
            [
              11.0012376,
              45.8576682
            ],
            [
              11.0011433,
              45.8581244
            ]
          ]
        ]
      },
      "id": "way/908948640"
    },
    {
      "type": "Feature",
      "properties": {
        "@id": "way/909121722",
        "access": "permit",
        "amenity": "parking",
        "parking": "surface",
        "surface": "asphalt"
      },
      "geometry": {
        "type": "Polygon",
        "coordinates": [
          [
            [
              11.0022915,
              45.8562846
            ],
            [
              11.0023224,
              45.8558409
            ],
            [
              11.002376,
              45.8558409
            ],
            [
              11.0023559,
              45.8562873
            ],
            [
              11.0022915,
              45.8562846
            ]
          ]
        ]
      },
      "id": "way/909121722"
    },
    {
      "type": "Feature",
      "properties": {
        "@id": "way/909191451",
        "amenity": "parking",
        "parking": "street_side"
      },
      "geometry": {
        "type": "Polygon",
        "coordinates": [
          [
            [
              11.0006211,
              45.8473719
            ],
            [
              11.0005165,
              45.8472813
            ],
            [
              11.000542,
              45.8472308
            ],
            [
              11.0006412,
              45.8473158
            ],
            [
              11.0006211,
              45.8473719
            ]
          ]
        ]
      },
      "id": "way/909191451"
    },
    {
      "type": "Feature",
      "properties": {
        "@id": "way/909195544",
        "amenity": "parking",
        "parking": "street_side"
      },
      "geometry": {
        "type": "Polygon",
        "coordinates": [
          [
            [
              11.0007728,
              45.847511
            ],
            [
              11.0008442,
              45.8475293
            ],
            [
              11.0008337,
              45.8475921
            ],
            [
              11.0008417,
              45.8476509
            ],
            [
              11.0008605,
              45.8477219
            ],
            [
              11.0008833,
              45.8477771
            ],
            [
              11.0008109,
              45.8477901
            ],
            [
              11.0008002,
              45.8477472
            ],
            [
              11.0007827,
              45.8476986
            ],
            [
              11.0007734,
              45.8476463
            ],
            [
              11.0007707,
              45.8475631
            ],
            [
              11.0007728,
              45.847511
            ]
          ]
        ]
      },
      "id": "way/909195544"
    },
    {
      "type": "Feature",
      "properties": {
        "@id": "way/909195574",
        "access": "no",
        "amenity": "parking",
        "parking": "street_side"
      },
      "geometry": {
        "type": "Polygon",
        "coordinates": [
          [
            [
              11.0017797,
              45.8479676
            ],
            [
              11.001867,
              45.8477852
            ],
            [
              11.0019713,
              45.8478094
            ],
            [
              11.0018841,
              45.8479918
            ],
            [
              11.0017797,
              45.8479676
            ]
          ]
        ]
      },
      "id": "way/909195574"
    },
    {
      "type": "Feature",
      "properties": {
        "@id": "way/909787617",
        "access": "customers",
        "amenity": "parking",
        "capacity": "5",
        "capacity:disabled": "1",
        "fee": "no",
        "parking": "surface"
      },
      "geometry": {
        "type": "Polygon",
        "coordinates": [
          [
            [
              11.0199679,
              45.8832661
            ],
            [
              11.0201409,
              45.8833387
            ],
            [
              11.0200987,
              45.8833793
            ],
            [
              11.0200543,
              45.8833607
            ],
            [
              11.0200598,
              45.8833543
            ],
            [
              11.0199363,
              45.8833026
            ],
            [
              11.0199679,
              45.8832661
            ]
          ]
        ]
      },
      "id": "way/909787617"
    },
    {
      "type": "Feature",
      "properties": {
        "@id": "way/909787618",
        "access": "customers",
        "amenity": "parking",
        "capacity": "7",
        "fee": "no",
        "parking": "surface"
      },
      "geometry": {
        "type": "Polygon",
        "coordinates": [
          [
            [
              11.0200174,
              45.8832089
            ],
            [
              11.020052,
              45.8831689
            ],
            [
              11.0202467,
              45.8832505
            ],
            [
              11.020213,
              45.883291
            ],
            [
              11.0200174,
              45.8832089
            ]
          ]
        ]
      },
      "id": "way/909787618"
    },
    {
      "type": "Feature",
      "properties": {
        "@id": "way/909787619",
        "access": "customers",
        "amenity": "parking",
        "capacity": "4",
        "fee": "no",
        "parking": "surface"
      },
      "geometry": {
        "type": "Polygon",
        "coordinates": [
          [
            [
              11.020251,
              45.8833069
            ],
            [
              11.0202852,
              45.8832667
            ],
            [
              11.0203895,
              45.8833104
            ],
            [
              11.0203814,
              45.8833191
            ],
            [
              11.0203504,
              45.8833486
            ],
            [
              11.020251,
              45.8833069
            ]
          ]
        ]
      },
      "id": "way/909787619"
    },
    {
      "type": "Feature",
      "properties": {
        "@id": "way/909787620",
        "access": "customers",
        "amenity": "parking",
        "capacity": "5",
        "fee": "no",
        "parking": "surface"
      },
      "geometry": {
        "type": "Polygon",
        "coordinates": [
          [
            [
              11.0201342,
              45.8833942
            ],
            [
              11.0201735,
              45.8833524
            ],
            [
              11.0203145,
              45.8834115
            ],
            [
              11.0202698,
              45.883451
            ],
            [
              11.0201342,
              45.8833942
            ]
          ]
        ]
      },
      "id": "way/909787620"
    },
    {
      "type": "Feature",
      "properties": {
        "@id": "way/909820580",
        "access": "yes",
        "amenity": "parking",
        "capacity": "6",
        "fee": "no",
        "maxstay": "1 hour",
        "parking": "surface"
      },
      "geometry": {
        "type": "Polygon",
        "coordinates": [
          [
            [
              11.0182939,
              45.8843363
            ],
            [
              11.0182825,
              45.8843839
            ],
            [
              11.0180941,
              45.8843689
            ],
            [
              11.0181028,
              45.8843201
            ],
            [
              11.0182939,
              45.8843363
            ]
          ]
        ]
      },
      "id": "way/909820580"
    },
    {
      "type": "Feature",
      "properties": {
        "@id": "way/909820593",
        "access": "yes",
        "amenity": "parking",
        "capacity": "20",
        "fee": "yes",
        "maxstay": "1 hour",
        "parking": "surface",
        "surface": "paved"
      },
      "geometry": {
        "type": "Polygon",
        "coordinates": [
          [
            [
              11.0180403,
              45.8848304
            ],
            [
              11.0181603,
              45.8846554
            ],
            [
              11.0182777,
              45.8844374
            ],
            [
              11.0183326,
              45.8844523
            ],
            [
              11.0182153,
              45.8846755
            ],
            [
              11.018098,
              45.8848463
            ],
            [
              11.0180403,
              45.8848304
            ]
          ]
        ]
      },
      "id": "way/909820593"
    },
    {
      "type": "Feature",
      "properties": {
        "@id": "way/910004268",
        "access": "yes",
        "amenity": "parking",
        "fee": "no",
        "parking": "street_side",
        "surface": "sett"
      },
      "geometry": {
        "type": "Polygon",
        "coordinates": [
          [
            [
              11.0180324,
              45.8857889
            ],
            [
              11.0180444,
              45.8857257
            ],
            [
              11.0183456,
              45.8857296
            ],
            [
              11.0183402,
              45.8857931
            ],
            [
              11.0180324,
              45.8857889
            ]
          ]
        ]
      },
      "id": "way/910004268"
    },
    {
      "type": "Feature",
      "properties": {
        "@id": "way/910043700",
        "access": "permit",
        "amenity": "parking",
        "parking": "surface"
      },
      "geometry": {
        "type": "Polygon",
        "coordinates": [
          [
            [
              11.0188582,
              45.8850232
            ],
            [
              11.0188597,
              45.8848856
            ],
            [
              11.0189206,
              45.8848859
            ],
            [
              11.0189207,
              45.8848767
            ],
            [
              11.0190342,
              45.8848773
            ],
            [
              11.0190616,
              45.8848774
            ],
            [
              11.0190615,
              45.8848847
            ],
            [
              11.0190612,
              45.8849074
            ],
            [
              11.0190609,
              45.8849344
            ],
            [
              11.0190605,
              45.8849746
            ],
            [
              11.01906,
              45.8850243
            ],
            [
              11.0188582,
              45.8850232
            ]
          ]
        ]
      },
      "id": "way/910043700"
    },
    {
      "type": "Feature",
      "properties": {
        "@id": "way/910043701",
        "access": "permit",
        "amenity": "parking",
        "parking": "surface"
      },
      "geometry": {
        "type": "Polygon",
        "coordinates": [
          [
            [
              11.0190572,
              45.8851963
            ],
            [
              11.0188567,
              45.8851946
            ],
            [
              11.0188574,
              45.8850488
            ],
            [
              11.0190587,
              45.8850486
            ],
            [
              11.0190583,
              45.8850903
            ],
            [
              11.0190576,
              45.8851557
            ],
            [
              11.0190572,
              45.8851963
            ]
          ]
        ]
      },
      "id": "way/910043701"
    },
    {
      "type": "Feature",
      "properties": {
        "@id": "way/910043702",
        "access": "private",
        "amenity": "parking",
        "layer": "-1",
        "parking": "underground"
      },
      "geometry": {
        "type": "Polygon",
        "coordinates": [
          [
            [
              11.019547,
              45.8851987
            ],
            [
              11.0195474,
              45.8851563
            ],
            [
              11.0199336,
              45.8851578
            ],
            [
              11.0199332,
              45.8852006
            ],
            [
              11.019547,
              45.8851987
            ]
          ]
        ]
      },
      "id": "way/910043702"
    },
    {
      "type": "Feature",
      "properties": {
        "@id": "way/910043703",
        "access": "yes",
        "amenity": "parking",
        "fee": "yes",
        "parking": "surface",
        "surface": "asphalt"
      },
      "geometry": {
        "type": "Polygon",
        "coordinates": [
          [
            [
              11.0190572,
              45.8851963
            ],
            [
              11.0190576,
              45.8851557
            ],
            [
              11.0190583,
              45.8850903
            ],
            [
              11.0190587,
              45.8850486
            ],
            [
              11.0190944,
              45.8850488
            ],
            [
              11.0190945,
              45.8850367
            ],
            [
              11.0190949,
              45.884997
            ],
            [
              11.0190959,
              45.8849055
            ],
            [
              11.0200977,
              45.8849106
            ],
            [
              11.0201965,
              45.8849111
            ],
            [
              11.0201963,
              45.8849251
            ],
            [
              11.0201945,
              45.8851053
            ],
            [
              11.0201939,
              45.8851594
            ],
            [
              11.0201935,
              45.8852019
            ],
            [
              11.0199332,
              45.8852006
            ],
            [
              11.019547,
              45.8851987
            ],
            [
              11.0190572,
              45.8851963
            ]
          ]
        ]
      },
      "id": "way/910043703"
    },
    {
      "type": "Feature",
      "properties": {
        "@id": "way/910066349",
        "access": "yes",
        "amenity": "parking",
        "fee": "no",
        "parking": "surface"
      },
      "geometry": {
        "type": "Polygon",
        "coordinates": [
          [
            [
              11.0160904,
              45.8878139
            ],
            [
              11.0160863,
              45.8877924
            ],
            [
              11.0160087,
              45.8876125
            ],
            [
              11.0160261,
              45.8876022
            ],
            [
              11.0161814,
              45.8875785
            ],
            [
              11.0161761,
              45.8876255
            ],
            [
              11.0160971,
              45.8876423
            ],
            [
              11.0161279,
              45.8877831
            ],
            [
              11.0160904,
              45.8878139
            ]
          ]
        ]
      },
      "id": "way/910066349"
    },
    {
      "type": "Feature",
      "properties": {
        "@id": "way/910073791",
        "access": "yes",
        "amenity": "parking",
        "capacity": "3",
        "fee": "no",
        "parking": "surface",
        "surface": "asphalt"
      },
      "geometry": {
        "type": "Polygon",
        "coordinates": [
          [
            [
              11.0180072,
              45.8842272
            ],
            [
              11.0180568,
              45.8840996
            ],
            [
              11.018073,
              45.8841026
            ],
            [
              11.0180234,
              45.8842302
            ],
            [
              11.0180072,
              45.8842272
            ]
          ]
        ]
      },
      "id": "way/910073791"
    },
    {
      "type": "Feature",
      "properties": {
        "@id": "way/910084260",
        "amenity": "parking",
        "fee": "no",
        "parking": "lane",
        "surface": "asphalt"
      },
      "geometry": {
        "type": "Polygon",
        "coordinates": [
          [
            [
              11.020298,
              45.8827794
            ],
            [
              11.0205787,
              45.8829739
            ],
            [
              11.0206826,
              45.8830458
            ],
            [
              11.0206639,
              45.8830589
            ],
            [
              11.0202793,
              45.8827926
            ],
            [
              11.020298,
              45.8827794
            ]
          ]
        ]
      },
      "id": "way/910084260"
    },
    {
      "type": "Feature",
      "properties": {
        "@id": "way/910096304",
        "access": "private",
        "amenity": "parking",
        "parking": "surface"
      },
      "geometry": {
        "type": "Polygon",
        "coordinates": [
          [
            [
              11.0199726,
              45.8826051
            ],
            [
              11.0198259,
              45.8825167
            ],
            [
              11.0198411,
              45.8825045
            ],
            [
              11.0199878,
              45.8825929
            ],
            [
              11.0199726,
              45.8826051
            ]
          ]
        ]
      },
      "id": "way/910096304"
    },
    {
      "type": "Feature",
      "properties": {
        "@id": "way/910104525",
        "access": "private",
        "amenity": "parking"
      },
      "geometry": {
        "type": "Polygon",
        "coordinates": [
          [
            [
              11.0195822,
              45.8860945
            ],
            [
              11.0195859,
              45.8861445
            ],
            [
              11.0192427,
              45.886157
            ],
            [
              11.0192389,
              45.8861071
            ],
            [
              11.0192982,
              45.8861049
            ],
            [
              11.019432,
              45.8861
            ],
            [
              11.0194805,
              45.8860982
            ],
            [
              11.0195822,
              45.8860945
            ]
          ]
        ]
      },
      "id": "way/910104525"
    },
    {
      "type": "Feature",
      "properties": {
        "@id": "way/910276480",
        "access": "yes",
        "amenity": "parking",
        "fee": "no",
        "parking": "surface"
      },
      "geometry": {
        "type": "Polygon",
        "coordinates": [
          [
            [
              11.0162524,
              45.8875864
            ],
            [
              11.0161801,
              45.8878772
            ],
            [
              11.0161761,
              45.8879043
            ],
            [
              11.0161754,
              45.8879367
            ],
            [
              11.0161525,
              45.8879358
            ],
            [
              11.016127,
              45.8879367
            ],
            [
              11.0162196,
              45.8876277
            ],
            [
              11.0162524,
              45.8875864
            ]
          ]
        ]
      },
      "id": "way/910276480"
    },
    {
      "type": "Feature",
      "properties": {
        "@id": "way/910506999",
        "access": "private",
        "amenity": "parking",
        "parking": "street_side"
      },
      "geometry": {
        "type": "Polygon",
        "coordinates": [
          [
            [
              11.0211548,
              45.8819368
            ],
            [
              11.0211649,
              45.8819088
            ],
            [
              11.0215001,
              45.8819609
            ],
            [
              11.0217334,
              45.8819729
            ],
            [
              11.0217345,
              45.8819936
            ],
            [
              11.0217044,
              45.8820128
            ],
            [
              11.0214889,
              45.8820054
            ],
            [
              11.0211548,
              45.8819368
            ]
          ]
        ]
      },
      "id": "way/910506999"
    },
    {
      "type": "Feature",
      "properties": {
        "@id": "way/910580551",
        "access": "customers",
        "amenity": "parking",
        "parking": "surface"
      },
      "geometry": {
        "type": "Polygon",
        "coordinates": [
          [
            [
              11.0206599,
              45.8758968
            ],
            [
              11.0209007,
              45.8758477
            ],
            [
              11.0208981,
              45.8758715
            ],
            [
              11.0208728,
              45.8758952
            ],
            [
              11.0208538,
              45.8759061
            ],
            [
              11.0206833,
              45.8759433
            ],
            [
              11.0206599,
              45.8758968
            ]
          ]
        ]
      },
      "id": "way/910580551"
    },
    {
      "type": "Feature",
      "properties": {
        "@id": "way/910644128",
        "access": "customers",
        "amenity": "parking",
        "capacity": "25",
        "fee": "no",
        "parking": "surface"
      },
      "geometry": {
        "type": "Polygon",
        "coordinates": [
          [
            [
              11.0218803,
              45.8803913
            ],
            [
              11.0216369,
              45.8801641
            ],
            [
              11.0217708,
              45.8800751
            ],
            [
              11.0219926,
              45.8802887
            ],
            [
              11.0218803,
              45.8803913
            ]
          ]
        ]
      },
      "id": "way/910644128"
    },
    {
      "type": "Feature",
      "properties": {
        "@id": "way/910654611",
        "access": "customers",
        "amenity": "parking",
        "fee": "no",
        "parking": "surface"
      },
      "geometry": {
        "type": "Polygon",
        "coordinates": [
          [
            [
              11.0288382,
              45.8824353
            ],
            [
              11.0288547,
              45.882384
            ],
            [
              11.028858,
              45.8823743
            ],
            [
              11.0298292,
              45.8825238
            ],
            [
              11.0298326,
              45.8825287
            ],
            [
              11.0298114,
              45.8825899
            ],
            [
              11.0288382,
              45.8824353
            ]
          ]
        ]
      },
      "id": "way/910654611"
    },
    {
      "type": "Feature",
      "properties": {
        "@id": "way/910654613",
        "access": "customers",
        "amenity": "parking",
        "fee": "no",
        "parking": "surface"
      },
      "geometry": {
        "type": "Polygon",
        "coordinates": [
          [
            [
              11.0292273,
              45.8823578
            ],
            [
              11.0292488,
              45.8822965
            ],
            [
              11.0298763,
              45.882403
            ],
            [
              11.029855,
              45.8824642
            ],
            [
              11.0292273,
              45.8823578
            ]
          ]
        ]
      },
      "id": "way/910654613"
    },
    {
      "type": "Feature",
      "properties": {
        "@id": "way/910654615",
        "access": "customers",
        "amenity": "parking",
        "fee": "no",
        "parking": "street_side"
      },
      "geometry": {
        "type": "Polygon",
        "coordinates": [
          [
            [
              11.0289122,
              45.8822853
            ],
            [
              11.028947,
              45.8821947
            ],
            [
              11.0290181,
              45.8821943
            ],
            [
              11.02899,
              45.882297
            ],
            [
              11.0289122,
              45.8822853
            ]
          ]
        ]
      },
      "id": "way/910654615"
    },
    {
      "type": "Feature",
      "properties": {
        "@id": "way/910654616",
        "access": "customers",
        "amenity": "parking",
        "fee": "no",
        "parking": "street_side"
      },
      "geometry": {
        "type": "Polygon",
        "coordinates": [
          [
            [
              11.0285728,
              45.8823379
            ],
            [
              11.0285933,
              45.8822826
            ],
            [
              11.0288738,
              45.8823288
            ],
            [
              11.028858,
              45.8823743
            ],
            [
              11.0288547,
              45.882384
            ],
            [
              11.0285728,
              45.8823379
            ]
          ]
        ]
      },
      "id": "way/910654616"
    },
    {
      "type": "Feature",
      "properties": {
        "@id": "way/910654644",
        "access": "customers",
        "amenity": "parking",
        "fee": "no",
        "parking": "surface"
      },
      "geometry": {
        "type": "Polygon",
        "coordinates": [
          [
            [
              11.0294829,
              45.880942
            ],
            [
              11.029518,
              45.8808878
            ],
            [
              11.030127,
              45.8810786
            ],
            [
              11.030092,
              45.8811327
            ],
            [
              11.0294829,
              45.880942
            ]
          ]
        ]
      },
      "id": "way/910654644"
    },
    {
      "type": "Feature",
      "properties": {
        "@id": "way/910654645",
        "access": "customers",
        "amenity": "parking",
        "fee": "no",
        "parking": "surface"
      },
      "geometry": {
        "type": "Polygon",
        "coordinates": [
          [
            [
              11.0294234,
              45.8810289
            ],
            [
              11.0294534,
              45.8809809
            ],
            [
              11.0300352,
              45.8811636
            ],
            [
              11.0300048,
              45.8812108
            ],
            [
              11.0294234,
              45.8810289
            ]
          ]
        ]
      },
      "id": "way/910654645"
    },
    {
      "type": "Feature",
      "properties": {
        "@id": "way/910654646",
        "access": "customers",
        "amenity": "parking",
        "fee": "no",
        "parking": "surface"
      },
      "geometry": {
        "type": "Polygon",
        "coordinates": [
          [
            [
              11.0294234,
              45.8810289
            ],
            [
              11.0300048,
              45.8812108
            ],
            [
              11.0299759,
              45.8812556
            ],
            [
              11.0293944,
              45.8810738
            ],
            [
              11.0294234,
              45.8810289
            ]
          ]
        ]
      },
      "id": "way/910654646"
    },
    {
      "type": "Feature",
      "properties": {
        "@id": "way/910654647",
        "access": "customers",
        "amenity": "parking",
        "fee": "no",
        "parking": "surface"
      },
      "geometry": {
        "type": "Polygon",
        "coordinates": [
          [
            [
              11.029366,
              45.8811217
            ],
            [
              11.0296294,
              45.8812052
            ],
            [
              11.0295945,
              45.881254
            ],
            [
              11.0293315,
              45.8811735
            ],
            [
              11.029366,
              45.8811217
            ]
          ]
        ]
      },
      "id": "way/910654647"
    },
    {
      "type": "Feature",
      "properties": {
        "@id": "way/910654648",
        "access": "customers",
        "amenity": "parking",
        "fee": "no",
        "parking": "surface"
      },
      "geometry": {
        "type": "Polygon",
        "coordinates": [
          [
            [
              11.0296629,
              45.8812748
            ],
            [
              11.0297026,
              45.8812225
            ],
            [
              11.0299329,
              45.8812965
            ],
            [
              11.0298971,
              45.8813474
            ],
            [
              11.0298753,
              45.8813406
            ],
            [
              11.0296629,
              45.8812748
            ]
          ]
        ]
      },
      "id": "way/910654648"
    },
    {
      "type": "Feature",
      "properties": {
        "@id": "way/910654657",
        "access": "yes",
        "amenity": "parking",
        "fee": "no",
        "parking": "street_side"
      },
      "geometry": {
        "type": "Polygon",
        "coordinates": [
          [
            [
              11.0295618,
              45.8807165
            ],
            [
              11.0296851,
              45.8807472
            ],
            [
              11.0298049,
              45.8807769
            ],
            [
              11.0298615,
              45.880791
            ],
            [
              11.0300987,
              45.8808475
            ],
            [
              11.0300741,
              45.8808942
            ],
            [
              11.0295384,
              45.8807577
            ],
            [
              11.0295618,
              45.8807165
            ]
          ]
        ]
      },
      "id": "way/910654657"
    },
    {
      "type": "Feature",
      "properties": {
        "@id": "way/910661447",
        "amenity": "parking",
        "parking": "lane"
      },
      "geometry": {
        "type": "Polygon",
        "coordinates": [
          [
            [
              11.0326746,
              45.8832765
            ],
            [
              11.0326915,
              45.8832205
            ],
            [
              11.0339136,
              45.8833994
            ],
            [
              11.0338967,
              45.8834524
            ],
            [
              11.0335916,
              45.8834106
            ],
            [
              11.0326746,
              45.8832765
            ]
          ]
        ]
      },
      "id": "way/910661447"
    },
    {
      "type": "Feature",
      "properties": {
        "@id": "way/910838186",
        "access": "customers",
        "amenity": "parking",
        "capacity": "2",
        "fee": "no",
        "parking": "surface"
      },
      "geometry": {
        "type": "Polygon",
        "coordinates": [
          [
            [
              11.0327396,
              45.8822149
            ],
            [
              11.0327513,
              45.8821907
            ],
            [
              11.032878,
              45.8822203
            ],
            [
              11.0328663,
              45.8822445
            ],
            [
              11.0327396,
              45.8822149
            ]
          ]
        ]
      },
      "id": "way/910838186"
    },
    {
      "type": "Feature",
      "properties": {
        "@id": "way/910838187",
        "access": "customers",
        "amenity": "parking",
        "capacity": "8",
        "capacity:disabled": "1",
        "fee": "no",
        "parking": "surface"
      },
      "geometry": {
        "type": "Polygon",
        "coordinates": [
          [
            [
              11.0329525,
              45.8822704
            ],
            [
              11.032965,
              45.8822452
            ],
            [
              11.0329159,
              45.8822326
            ],
            [
              11.0329259,
              45.8822118
            ],
            [
              11.0332575,
              45.8822903
            ],
            [
              11.0332339,
              45.882338
            ],
            [
              11.0329525,
              45.8822704
            ]
          ]
        ]
      },
      "id": "way/910838187"
    },
    {
      "type": "Feature",
      "properties": {
        "@id": "way/910838188",
        "access": "customers",
        "amenity": "parking",
        "capacity": "5",
        "fee": "no",
        "parking": "surface"
      },
      "geometry": {
        "type": "Polygon",
        "coordinates": [
          [
            [
              11.0330895,
              45.8821458
            ],
            [
              11.0331162,
              45.8821465
            ],
            [
              11.0331471,
              45.8821484
            ],
            [
              11.0331753,
              45.8821521
            ],
            [
              11.0331994,
              45.8821605
            ],
            [
              11.0332195,
              45.8821726
            ],
            [
              11.0332356,
              45.8821838
            ],
            [
              11.0332235,
              45.8822172
            ],
            [
              11.0330693,
              45.8821855
            ],
            [
              11.0330895,
              45.8821458
            ]
          ]
        ]
      },
      "id": "way/910838188"
    },
    {
      "type": "Feature",
      "properties": {
        "@id": "way/910838189",
        "access": "customers",
        "amenity": "parking",
        "capacity": "1",
        "fee": "no",
        "parking": "surface"
      },
      "geometry": {
        "type": "Polygon",
        "coordinates": [
          [
            [
              11.0330571,
              45.882149
            ],
            [
              11.033068,
              45.8821663
            ],
            [
              11.0330103,
              45.8821855
            ],
            [
              11.0329969,
              45.882167
            ],
            [
              11.0330237,
              45.8821596
            ],
            [
              11.0330571,
              45.882149
            ]
          ]
        ]
      },
      "id": "way/910838189"
    },
    {
      "type": "Feature",
      "properties": {
        "@id": "way/910838190",
        "access": "customers",
        "amenity": "parking",
        "capacity": "3",
        "fee": "no",
        "parking": "surface"
      },
      "geometry": {
        "type": "Polygon",
        "coordinates": [
          [
            [
              11.0325798,
              45.8823285
            ],
            [
              11.0325758,
              45.8823015
            ],
            [
              11.0325999,
              45.8822585
            ],
            [
              11.0326482,
              45.8822445
            ],
            [
              11.032675,
              45.8822511
            ],
            [
              11.0326267,
              45.8823407
            ],
            [
              11.0325798,
              45.8823285
            ]
          ]
        ]
      },
      "id": "way/910838190"
    },
    {
      "type": "Feature",
      "properties": {
        "@id": "way/910838191",
        "access": "customers",
        "amenity": "parking",
        "capacity": "4",
        "fee": "no",
        "parking": "surface"
      },
      "geometry": {
        "type": "Polygon",
        "coordinates": [
          [
            [
              11.0325651,
              45.8824788
            ],
            [
              11.0325322,
              45.882476
            ],
            [
              11.0325141,
              45.8824499
            ],
            [
              11.0325409,
              45.8823752
            ],
            [
              11.0325664,
              45.8823556
            ],
            [
              11.0326107,
              45.8823687
            ],
            [
              11.0325651,
              45.8824788
            ]
          ]
        ]
      },
      "id": "way/910838191"
    },
    {
      "type": "Feature",
      "properties": {
        "@id": "way/910838192",
        "access": "customers",
        "amenity": "parking",
        "capacity": "12",
        "capacity:disabled": "1",
        "fee": "no",
        "parking": "surface"
      },
      "geometry": {
        "type": "Polygon",
        "coordinates": [
          [
            [
              11.0324321,
              45.8823801
            ],
            [
              11.0323642,
              45.8821514
            ],
            [
              11.0323726,
              45.8821423
            ],
            [
              11.0323907,
              45.8821362
            ],
            [
              11.0324128,
              45.8821302
            ],
            [
              11.032445,
              45.8821273
            ],
            [
              11.0324829,
              45.8821255
            ],
            [
              11.0324886,
              45.882154
            ],
            [
              11.0324323,
              45.8821605
            ],
            [
              11.0324886,
              45.8823743
            ],
            [
              11.0324321,
              45.8823801
            ]
          ]
        ]
      },
      "id": "way/910838192"
    },
    {
      "type": "Feature",
      "properties": {
        "@id": "way/910838196",
        "access": "customers",
        "amenity": "parking",
        "capacity": "13",
        "fee": "no",
        "parking": "surface"
      },
      "geometry": {
        "type": "Polygon",
        "coordinates": [
          [
            [
              11.0326846,
              45.8829646
            ],
            [
              11.0326516,
              45.8829566
            ],
            [
              11.0326813,
              45.8828973
            ],
            [
              11.0326607,
              45.8828923
            ],
            [
              11.0327411,
              45.8827314
            ],
            [
              11.0326973,
              45.8827208
            ],
            [
              11.0327283,
              45.8826587
            ],
            [
              11.0328056,
              45.8826774
            ],
            [
              11.0327756,
              45.8827375
            ],
            [
              11.0327955,
              45.8827423
            ],
            [
              11.0326846,
              45.8829646
            ]
          ]
        ]
      },
      "id": "way/910838196"
    },
    {
      "type": "Feature",
      "properties": {
        "@id": "way/910838197",
        "access": "customers",
        "amenity": "parking",
        "capacity": "2",
        "fee": "no",
        "parking": "surface"
      },
      "geometry": {
        "type": "Polygon",
        "coordinates": [
          [
            [
              11.0325905,
              45.8826105
            ],
            [
              11.0326026,
              45.8825853
            ],
            [
              11.0327126,
              45.8826105
            ],
            [
              11.0326992,
              45.8826357
            ],
            [
              11.0325905,
              45.8826105
            ]
          ]
        ]
      },
      "id": "way/910838197"
    },
    {
      "type": "Feature",
      "properties": {
        "@id": "way/910838198",
        "access": "customers",
        "amenity": "parking",
        "capacity": "11",
        "fee": "no",
        "parking": "surface"
      },
      "geometry": {
        "type": "Polygon",
        "coordinates": [
          [
            [
              11.0325038,
              45.8826254
            ],
            [
              11.0325309,
              45.8826222
            ],
            [
              11.0325416,
              45.8826664
            ],
            [
              11.0325662,
              45.8826635
            ],
            [
              11.0326226,
              45.8828963
            ],
            [
              11.0325922,
              45.8828999
            ],
            [
              11.0326039,
              45.8829484
            ],
            [
              11.0325837,
              45.8829547
            ],
            [
              11.0325038,
              45.8826254
            ]
          ]
        ]
      },
      "id": "way/910838198"
    },
    {
      "type": "Feature",
      "properties": {
        "@id": "way/910838200",
        "access": "customers",
        "amenity": "parking",
        "capacity": "2",
        "capacity:disabled": "2",
        "fee": "no",
        "parking": "surface"
      },
      "geometry": {
        "type": "Polygon",
        "coordinates": [
          [
            [
              11.0326499,
              45.8831321
            ],
            [
              11.0325884,
              45.8831234
            ],
            [
              11.032598,
              45.8830723
            ],
            [
              11.0326662,
              45.8830819
            ],
            [
              11.0326499,
              45.8831321
            ]
          ]
        ]
      },
      "id": "way/910838200"
    },
    {
      "type": "Feature",
      "properties": {
        "@id": "way/910838201",
        "access": "customers",
        "amenity": "parking",
        "capacity": "2",
        "fee": "no",
        "parking": "surface"
      },
      "geometry": {
        "type": "Polygon",
        "coordinates": [
          [
            [
              11.0327096,
              45.8830513
            ],
            [
              11.0327967,
              45.8830682
            ],
            [
              11.0327895,
              45.8830864
            ],
            [
              11.0327023,
              45.8830695
            ],
            [
              11.0327096,
              45.8830513
            ]
          ]
        ]
      },
      "id": "way/910838201"
    },
    {
      "type": "Feature",
      "properties": {
        "@id": "way/910838207",
        "access": "yes",
        "amenity": "parking",
        "capacity": "22",
        "fee": "no",
        "parking": "surface"
      },
      "geometry": {
        "type": "Polygon",
        "coordinates": [
          [
            [
              11.0332588,
              45.8832152
            ],
            [
              11.0332726,
              45.8831727
            ],
            [
              11.0332206,
              45.8831645
            ],
            [
              11.0332875,
              45.8829584
            ],
            [
              11.0334045,
              45.8829769
            ],
            [
              11.0333238,
              45.8832254
            ],
            [
              11.0332588,
              45.8832152
            ]
          ]
        ]
      },
      "id": "way/910838207"
    },
    {
      "type": "Feature",
      "properties": {
        "@id": "way/910838208",
        "access": "yes",
        "amenity": "parking",
        "capacity": "11",
        "fee": "no",
        "parking": "surface"
      },
      "geometry": {
        "type": "Polygon",
        "coordinates": [
          [
            [
              11.0333949,
              45.8832133
            ],
            [
              11.0334697,
              45.8829901
            ],
            [
              11.0335335,
              45.8830002
            ],
            [
              11.033462,
              45.8832228
            ],
            [
              11.0333949,
              45.8832133
            ]
          ]
        ]
      },
      "id": "way/910838208"
    },
    {
      "type": "Feature",
      "properties": {
        "@id": "way/910838209",
        "access": "customers",
        "amenity": "parking",
        "capacity": "10",
        "fee": "no",
        "parking": "surface"
      },
      "geometry": {
        "type": "Polygon",
        "coordinates": [
          [
            [
              11.0336051,
              45.8832217
            ],
            [
              11.0335416,
              45.8832116
            ],
            [
              11.0336069,
              45.8830126
            ],
            [
              11.0336703,
              45.8830227
            ],
            [
              11.0336051,
              45.8832217
            ]
          ]
        ]
      },
      "id": "way/910838209"
    },
    {
      "type": "Feature",
      "properties": {
        "@id": "way/910838212",
        "access": "customers",
        "amenity": "parking",
        "capacity": "5",
        "fee": "no",
        "parking": "surface"
      },
      "geometry": {
        "type": "Polygon",
        "coordinates": [
          [
            [
              11.0331113,
              45.8830465
            ],
            [
              11.0331484,
              45.8829377
            ],
            [
              11.0332127,
              45.8829483
            ],
            [
              11.0331756,
              45.8830571
            ],
            [
              11.0331113,
              45.8830465
            ]
          ]
        ]
      },
      "id": "way/910838212"
    },
    {
      "type": "Feature",
      "properties": {
        "@id": "way/910838220",
        "access": "customers",
        "amenity": "parking",
        "capacity": "4",
        "fee": "no",
        "parking": "surface"
      },
      "geometry": {
        "type": "Polygon",
        "coordinates": [
          [
            [
              11.0327603,
              45.8831503
            ],
            [
              11.032759,
              45.8831125
            ],
            [
              11.0328146,
              45.883112
            ],
            [
              11.0328153,
              45.8831312
            ],
            [
              11.0328462,
              45.8831307
            ],
            [
              11.0328478,
              45.8831421
            ],
            [
              11.0328763,
              45.8831424
            ],
            [
              11.0328789,
              45.8831735
            ],
            [
              11.0328428,
              45.8831741
            ],
            [
              11.0328394,
              45.8831648
            ],
            [
              11.0328173,
              45.8831648
            ],
            [
              11.032816,
              45.8831489
            ],
            [
              11.0327603,
              45.8831503
            ]
          ]
        ]
      },
      "id": "way/910838220"
    },
    {
      "type": "Feature",
      "properties": {
        "@id": "way/910838225",
        "access": "yes",
        "amenity": "parking",
        "fee": "no",
        "parking": "surface"
      },
      "geometry": {
        "type": "Polygon",
        "coordinates": [
          [
            [
              11.0328735,
              45.8826207
            ],
            [
              11.0325436,
              45.8825479
            ],
            [
              11.0326028,
              45.8824325
            ],
            [
              11.0327612,
              45.8824682
            ],
            [
              11.0327813,
              45.8824262
            ],
            [
              11.032853,
              45.8824435
            ],
            [
              11.0328383,
              45.8824736
            ],
            [
              11.0329764,
              45.8825059
            ],
            [
              11.0329908,
              45.8824768
            ],
            [
              11.0329194,
              45.8824589
            ],
            [
              11.0329358,
              45.8824266
            ],
            [
              11.0331555,
              45.8824804
            ],
            [
              11.0332014,
              45.8824904
            ],
            [
              11.0332389,
              45.8825001
            ],
            [
              11.0331123,
              45.882757
            ],
            [
              11.0330776,
              45.8827473
            ],
            [
              11.0330452,
              45.8827407
            ],
            [
              11.0329795,
              45.8828854
            ],
            [
              11.033013,
              45.8828929
            ],
            [
              11.0330471,
              45.8829005
            ],
            [
              11.0329698,
              45.8830707
            ],
            [
              11.0326938,
              45.8830128
            ],
            [
              11.0328534,
              45.8826646
            ],
            [
              11.0328735,
              45.8826207
            ]
          ]
        ]
      },
      "id": "way/910838225"
    },
    {
      "type": "Feature",
      "properties": {
        "@id": "way/910866218",
        "amenity": "parking",
        "capacity": "11",
        "parking": "street_side"
      },
      "geometry": {
        "type": "Polygon",
        "coordinates": [
          [
            [
              11.0265394,
              45.8845739
            ],
            [
              11.0265329,
              45.884338
            ],
            [
              11.0265969,
              45.8843371
            ],
            [
              11.0266035,
              45.884573
            ],
            [
              11.0265394,
              45.8845739
            ]
          ]
        ]
      },
      "id": "way/910866218"
    },
    {
      "type": "Feature",
      "properties": {
        "@id": "way/910866235",
        "access": "yes",
        "amenity": "parking",
        "capacity": "15",
        "capacity:disabled": "2",
        "fee": "no",
        "parking": "surface"
      },
      "geometry": {
        "type": "Polygon",
        "coordinates": [
          [
            [
              11.0289502,
              45.8841553
            ],
            [
              11.0289682,
              45.8841008
            ],
            [
              11.0293947,
              45.8841689
            ],
            [
              11.0293767,
              45.8842236
            ],
            [
              11.0289502,
              45.8841553
            ]
          ]
        ]
      },
      "id": "way/910866235"
    },
    {
      "type": "Feature",
      "properties": {
        "@id": "way/910889356",
        "access": "yes",
        "amenity": "parking",
        "capacity:disabled": "2",
        "fee": "no",
        "parking": "surface"
      },
      "geometry": {
        "type": "Polygon",
        "coordinates": [
          [
            [
              11.0286878,
              45.8805022
            ],
            [
              11.0287508,
              45.8804648
            ],
            [
              11.0290286,
              45.880534
            ],
            [
              11.0290129,
              45.8805833
            ],
            [
              11.0287739,
              45.8805243
            ],
            [
              11.0286878,
              45.8805022
            ]
          ]
        ]
      },
      "id": "way/910889356"
    },
    {
      "type": "Feature",
      "properties": {
        "@id": "way/910889357",
        "amenity": "parking",
        "capacity": "8",
        "parking": "surface"
      },
      "geometry": {
        "type": "Polygon",
        "coordinates": [
          [
            [
              11.0286079,
              45.8803902
            ],
            [
              11.0285932,
              45.8803314
            ],
            [
              11.0288614,
              45.8803781
            ],
            [
              11.0288788,
              45.8804331
            ],
            [
              11.0286079,
              45.8803902
            ]
          ]
        ]
      },
      "id": "way/910889357"
    },
    {
      "type": "Feature",
      "properties": {
        "@id": "way/910889358",
        "access": "customers",
        "amenity": "parking"
      },
      "geometry": {
        "type": "Polygon",
        "coordinates": [
          [
            [
              11.0286196,
              45.8801762
            ],
            [
              11.028576,
              45.8802873
            ],
            [
              11.0285188,
              45.880279
            ],
            [
              11.0285925,
              45.8800849
            ],
            [
              11.0286685,
              45.8800965
            ],
            [
              11.0286432,
              45.8801623
            ],
            [
              11.0286196,
              45.8801762
            ]
          ]
        ]
      },
      "id": "way/910889358"
    },
    {
      "type": "Feature",
      "properties": {
        "@id": "way/910889359",
        "access": "yes",
        "amenity": "parking",
        "fee": "no",
        "parking": "street_side"
      },
      "geometry": {
        "type": "Polygon",
        "coordinates": [
          [
            [
              11.0290446,
              45.8805913
            ],
            [
              11.029025,
              45.8806271
            ],
            [
              11.0287528,
              45.880557
            ],
            [
              11.0287739,
              45.8805243
            ],
            [
              11.0290446,
              45.8805913
            ]
          ]
        ]
      },
      "id": "way/910889359"
    },
    {
      "type": "Feature",
      "properties": {
        "@id": "way/910889361",
        "access": "yes",
        "amenity": "parking",
        "fee": "no",
        "parking": "street_side"
      },
      "geometry": {
        "type": "Polygon",
        "coordinates": [
          [
            [
              11.0291667,
              45.880624
            ],
            [
              11.0294411,
              45.8806907
            ],
            [
              11.0294253,
              45.880727
            ],
            [
              11.0291484,
              45.8806583
            ],
            [
              11.0291667,
              45.880624
            ]
          ]
        ]
      },
      "id": "way/910889361"
    },
    {
      "type": "Feature",
      "properties": {
        "@id": "way/910931727",
        "access": "private",
        "amenity": "parking",
        "parking": "surface"
      },
      "geometry": {
        "type": "Polygon",
        "coordinates": [
          [
            [
              11.0342512,
              45.8831989
            ],
            [
              11.0344242,
              45.8826528
            ],
            [
              11.0344899,
              45.882692
            ],
            [
              11.0343209,
              45.8832391
            ],
            [
              11.0342512,
              45.8831989
            ]
          ]
        ]
      },
      "id": "way/910931727"
    },
    {
      "type": "Feature",
      "properties": {
        "@id": "way/910931729",
        "access": "private",
        "amenity": "parking",
        "parking": "surface"
      },
      "geometry": {
        "type": "Polygon",
        "coordinates": [
          [
            [
              11.0345221,
              45.8827218
            ],
            [
              11.0345355,
              45.882678
            ],
            [
              11.034797,
              45.8827153
            ],
            [
              11.0347836,
              45.8827639
            ],
            [
              11.0345221,
              45.8827218
            ]
          ]
        ]
      },
      "id": "way/910931729"
    },
    {
      "type": "Feature",
      "properties": {
        "@id": "way/910931730",
        "access": "private",
        "amenity": "parking",
        "parking": "surface"
      },
      "geometry": {
        "type": "Polygon",
        "coordinates": [
          [
            [
              11.0347501,
              45.8825706
            ],
            [
              11.034738,
              45.8826098
            ],
            [
              11.0348373,
              45.8826285
            ],
            [
              11.0348212,
              45.8826724
            ],
            [
              11.0345583,
              45.8826276
            ],
            [
              11.0345892,
              45.8825407
            ],
            [
              11.0347501,
              45.8825706
            ]
          ]
        ]
      },
      "id": "way/910931730"
    },
    {
      "type": "Feature",
      "properties": {
        "@id": "way/910931734",
        "access": "private",
        "amenity": "parking",
        "parking": "surface"
      },
      "geometry": {
        "type": "Polygon",
        "coordinates": [
          [
            [
              11.0345161,
              45.8824721
            ],
            [
              11.0345301,
              45.8824315
            ],
            [
              11.0346482,
              45.8824511
            ],
            [
              11.0347851,
              45.8824722
            ],
            [
              11.034771,
              45.8825119
            ],
            [
              11.0345161,
              45.8824721
            ]
          ]
        ]
      },
      "id": "way/910931734"
    },
    {
      "type": "Feature",
      "properties": {
        "@id": "way/910931756",
        "amenity": "parking",
        "parking": "lane"
      },
      "geometry": {
        "type": "Polygon",
        "coordinates": [
          [
            [
              11.0340945,
              45.8834473
            ],
            [
              11.0341026,
              45.8834211
            ],
            [
              11.034574,
              45.8834946
            ],
            [
              11.0345646,
              45.8835221
            ],
            [
              11.0340945,
              45.8834473
            ]
          ]
        ]
      },
      "id": "way/910931756"
    },
    {
      "type": "Feature",
      "properties": {
        "@id": "way/910931757",
        "amenity": "parking"
      },
      "geometry": {
        "type": "Polygon",
        "coordinates": [
          [
            [
              11.0348362,
              45.8835606
            ],
            [
              11.0348429,
              45.8835335
            ],
            [
              11.0356241,
              45.8836448
            ],
            [
              11.0364146,
              45.8837879
            ],
            [
              11.0364039,
              45.8838113
            ],
            [
              11.0356093,
              45.883671
            ],
            [
              11.0348362,
              45.8835606
            ]
          ]
        ]
      },
      "id": "way/910931757"
    },
    {
      "type": "Feature",
      "properties": {
        "@id": "way/910968564",
        "access": "customers",
        "amenity": "parking",
        "fee": "no",
        "parking": "surface"
      },
      "geometry": {
        "type": "Polygon",
        "coordinates": [
          [
            [
              11.0327397,
              45.8841354
            ],
            [
              11.0326714,
              45.8836916
            ],
            [
              11.0327164,
              45.8836884
            ],
            [
              11.0327909,
              45.8841316
            ],
            [
              11.0327397,
              45.8841354
            ]
          ]
        ]
      },
      "id": "way/910968564"
    },
    {
      "type": "Feature",
      "properties": {
        "@id": "way/910968567",
        "access": "customers",
        "amenity": "parking",
        "fee": "no",
        "parking": "surface"
      },
      "geometry": {
        "type": "Polygon",
        "coordinates": [
          [
            [
              11.0328049,
              45.8846034
            ],
            [
              11.0327631,
              45.8843164
            ],
            [
              11.0328234,
              45.8843121
            ],
            [
              11.0328653,
              45.8845992
            ],
            [
              11.0328049,
              45.8846034
            ]
          ]
        ]
      },
      "id": "way/910968567"
    },
    {
      "type": "Feature",
      "properties": {
        "@id": "way/910968569",
        "access": "customers",
        "amenity": "parking",
        "fee": "no",
        "parking": "surface"
      },
      "geometry": {
        "type": "Polygon",
        "coordinates": [
          [
            [
              11.0328962,
              45.8850711
            ],
            [
              11.0328468,
              45.8847358
            ],
            [
              11.0329036,
              45.8847312
            ],
            [
              11.0329567,
              45.8850665
            ],
            [
              11.0328962,
              45.8850711
            ]
          ]
        ]
      },
      "id": "way/910968569"
    },
    {
      "type": "Feature",
      "properties": {
        "@id": "way/910968571",
        "access": "customers",
        "amenity": "parking",
        "fee": "no",
        "parking": "surface"
      },
      "geometry": {
        "type": "Polygon",
        "coordinates": [
          [
            [
              11.0329796,
              45.8842486
            ],
            [
              11.0329093,
              45.8842557
            ],
            [
              11.0328353,
              45.883794
            ],
            [
              11.0329124,
              45.883787
            ],
            [
              11.0329796,
              45.8842486
            ]
          ]
        ]
      },
      "id": "way/910968571"
    },
    {
      "type": "Feature",
      "properties": {
        "@id": "way/910968572",
        "access": "customers",
        "amenity": "parking",
        "fee": "no",
        "parking": "surface"
      },
      "geometry": {
        "type": "Polygon",
        "coordinates": [
          [
            [
              11.0329989,
              45.8843683
            ],
            [
              11.0330277,
              45.884591
            ],
            [
              11.0329577,
              45.8845925
            ],
            [
              11.0329241,
              45.8843706
            ],
            [
              11.0329989,
              45.8843683
            ]
          ]
        ]
      },
      "id": "way/910968572"
    },
    {
      "type": "Feature",
      "properties": {
        "@id": "way/910968574",
        "access": "customers",
        "amenity": "parking",
        "fee": "no",
        "parking": "surface"
      },
      "geometry": {
        "type": "Polygon",
        "coordinates": [
          [
            [
              11.0330832,
              45.8850593
            ],
            [
              11.0331669,
              45.885118
            ],
            [
              11.0331804,
              45.8851825
            ],
            [
              11.0331832,
              45.8851989
            ],
            [
              11.0331218,
              45.8852037
            ],
            [
              11.0331151,
              45.885142
            ],
            [
              11.0330545,
              45.8850895
            ],
            [
              11.0330832,
              45.8850593
            ]
          ]
        ]
      },
      "id": "way/910968574"
    },
    {
      "type": "Feature",
      "properties": {
        "@id": "way/910985742",
        "access": "customers",
        "amenity": "parking",
        "fee": "no",
        "parking": "surface"
      },
      "geometry": {
        "type": "Polygon",
        "coordinates": [
          [
            [
              11.033249,
              45.8863859
            ],
            [
              11.0331974,
              45.8863896
            ],
            [
              11.0330725,
              45.8856318
            ],
            [
              11.0331396,
              45.8856309
            ],
            [
              11.033249,
              45.8863859
            ]
          ]
        ]
      },
      "id": "way/910985742"
    },
    {
      "type": "Feature",
      "properties": {
        "@id": "way/910985743",
        "access": "customers",
        "amenity": "parking",
        "capacity": "5",
        "fee": "no",
        "parking": "street_side"
      },
      "geometry": {
        "type": "Polygon",
        "coordinates": [
          [
            [
              11.0333071,
              45.8862292
            ],
            [
              11.0333002,
              45.8861901
            ],
            [
              11.0335039,
              45.8861728
            ],
            [
              11.0335107,
              45.8862119
            ],
            [
              11.0333071,
              45.8862292
            ]
          ]
        ]
      },
      "id": "way/910985743"
    },
    {
      "type": "Feature",
      "properties": {
        "@id": "way/910985744",
        "access": "customers",
        "amenity": "parking",
        "capacity": "4",
        "capacity:disabled": "1",
        "fee": "no",
        "parking": "surface"
      },
      "geometry": {
        "type": "Polygon",
        "coordinates": [
          [
            [
              11.0336675,
              45.8861998
            ],
            [
              11.0336621,
              45.886159
            ],
            [
              11.0337783,
              45.8861512
            ],
            [
              11.033784,
              45.8861905
            ],
            [
              11.0336675,
              45.8861998
            ]
          ]
        ]
      },
      "id": "way/910985744"
    },
    {
      "type": "Feature",
      "properties": {
        "@id": "way/910985745",
        "access": "customers",
        "amenity": "parking",
        "capacity": "14",
        "fee": "no",
        "parking": "surface"
      },
      "geometry": {
        "type": "Polygon",
        "coordinates": [
          [
            [
              11.0333689,
              45.886365
            ],
            [
              11.0333555,
              45.8862806
            ],
            [
              11.0335701,
              45.8862647
            ],
            [
              11.0335808,
              45.8863496
            ],
            [
              11.0333689,
              45.886365
            ]
          ]
        ]
      },
      "id": "way/910985745"
    },
    {
      "type": "Feature",
      "properties": {
        "@id": "way/910985746",
        "access": "customers",
        "amenity": "parking",
        "capacity": "10",
        "fee": "no",
        "parking": "surface"
      },
      "geometry": {
        "type": "Polygon",
        "coordinates": [
          [
            [
              11.0336257,
              45.8863417
            ],
            [
              11.0336136,
              45.8862596
            ],
            [
              11.0337618,
              45.8862479
            ],
            [
              11.0337732,
              45.8863314
            ],
            [
              11.0336257,
              45.8863417
            ]
          ]
        ]
      },
      "id": "way/910985746"
    },
    {
      "type": "Feature",
      "properties": {
        "@id": "way/910985747",
        "access": "customers",
        "amenity": "parking",
        "capacity": "13",
        "fee": "no",
        "parking": "surface"
      },
      "geometry": {
        "type": "Polygon",
        "coordinates": [
          [
            [
              11.0334178,
              45.8864617
            ],
            [
              11.0333857,
              45.886464
            ],
            [
              11.0333783,
              45.8864145
            ],
            [
              11.0335922,
              45.8863977
            ],
            [
              11.0336043,
              45.8864841
            ],
            [
              11.0334225,
              45.8864981
            ],
            [
              11.0334178,
              45.8864617
            ]
          ]
        ]
      },
      "id": "way/910985747"
    },
    {
      "type": "Feature",
      "properties": {
        "@id": "way/910985748",
        "access": "customers",
        "amenity": "parking",
        "capacity": "10",
        "fee": "no",
        "parking": "surface"
      },
      "geometry": {
        "type": "Polygon",
        "coordinates": [
          [
            [
              11.0336432,
              45.8864794
            ],
            [
              11.0336311,
              45.886394
            ],
            [
              11.0337799,
              45.8863833
            ],
            [
              11.0337954,
              45.8864691
            ],
            [
              11.0336432,
              45.8864794
            ]
          ]
        ]
      },
      "id": "way/910985748"
    },
    {
      "type": "Feature",
      "properties": {
        "@id": "way/910985749",
        "access": "customers",
        "amenity": "parking",
        "capacity:disabled": "4",
        "fee": "no",
        "parking": "street_side"
      },
      "geometry": {
        "type": "Polygon",
        "coordinates": [
          [
            [
              11.0336072,
              45.8865919
            ],
            [
              11.0334785,
              45.8865972
            ],
            [
              11.0334772,
              45.8865774
            ],
            [
              11.0334755,
              45.8865494
            ],
            [
              11.0336016,
              45.8865462
            ],
            [
              11.0336072,
              45.8865919
            ]
          ]
        ]
      },
      "id": "way/910985749"
    },
    {
      "type": "Feature",
      "properties": {
        "@id": "way/910985750",
        "access": "customers",
        "amenity": "parking",
        "capacity": "1",
        "fee": "no",
        "parking": "street_side"
      },
      "geometry": {
        "type": "Polygon",
        "coordinates": [
          [
            [
              11.0334027,
              45.8865664
            ],
            [
              11.0334286,
              45.8865499
            ],
            [
              11.0334772,
              45.8865774
            ],
            [
              11.0334785,
              45.8865972
            ],
            [
              11.0334642,
              45.8865934
            ],
            [
              11.0334339,
              45.8865839
            ],
            [
              11.0334027,
              45.8865664
            ]
          ]
        ]
      },
      "id": "way/910985750"
    },
    {
      "type": "Feature",
      "properties": {
        "@id": "way/910985751",
        "access": "customers",
        "amenity": "parking",
        "capacity": "5",
        "fee": "no",
        "parking": "street_side"
      },
      "geometry": {
        "type": "Polygon",
        "coordinates": [
          [
            [
              11.0336564,
              45.8865897
            ],
            [
              11.0336532,
              45.8865429
            ],
            [
              11.0337954,
              45.8865335
            ],
            [
              11.0338019,
              45.8865833
            ],
            [
              11.0336564,
              45.8865897
            ]
          ]
        ]
      },
      "id": "way/910985751"
    },
    {
      "type": "Feature",
      "properties": {
        "@id": "way/910985760",
        "access": "private",
        "amenity": "parking",
        "parking": "street_side"
      },
      "geometry": {
        "type": "Polygon",
        "coordinates": [
          [
            [
              11.0333678,
              45.8851941
            ],
            [
              11.0333669,
              45.8851643
            ],
            [
              11.0333642,
              45.8851438
            ],
            [
              11.0336485,
              45.8851291
            ],
            [
              11.033651,
              45.8851811
            ],
            [
              11.0333678,
              45.8851941
            ]
          ]
        ]
      },
      "id": "way/910985760"
    },
    {
      "type": "Feature",
      "properties": {
        "@id": "way/910985761",
        "access": "private",
        "amenity": "parking",
        "parking": "street_side"
      },
      "geometry": {
        "type": "Polygon",
        "coordinates": [
          [
            [
              11.0337081,
              45.8851279
            ],
            [
              11.0336485,
              45.8851291
            ],
            [
              11.0336103,
              45.8848209
            ],
            [
              11.0336894,
              45.8848172
            ],
            [
              11.0337081,
              45.8851279
            ]
          ]
        ]
      },
      "id": "way/910985761"
    },
    {
      "type": "Feature",
      "properties": {
        "@id": "way/910985762",
        "access": "private",
        "amenity": "parking",
        "parking": "street_side"
      },
      "geometry": {
        "type": "Polygon",
        "coordinates": [
          [
            [
              11.0334326,
              45.8846688
            ],
            [
              11.0335131,
              45.8846759
            ],
            [
              11.0335736,
              45.8850383
            ],
            [
              11.0334955,
              45.8850446
            ],
            [
              11.0334796,
              45.8849498
            ],
            [
              11.0334477,
              45.884759
            ],
            [
              11.0334447,
              45.8847414
            ],
            [
              11.0334326,
              45.8846688
            ]
          ]
        ]
      },
      "id": "way/910985762"
    },
    {
      "type": "Feature",
      "properties": {
        "@id": "way/910985763",
        "access": "private",
        "amenity": "parking",
        "parking": "street_side"
      },
      "geometry": {
        "type": "Polygon",
        "coordinates": [
          [
            [
              11.0333757,
              45.8850549
            ],
            [
              11.0334701,
              45.8850478
            ],
            [
              11.0334955,
              45.8850446
            ],
            [
              11.0335736,
              45.8850383
            ],
            [
              11.0335835,
              45.8850875
            ],
            [
              11.0333823,
              45.8851062
            ],
            [
              11.0333804,
              45.8850862
            ],
            [
              11.0333757,
              45.8850549
            ]
          ]
        ]
      },
      "id": "way/910985763"
    },
    {
      "type": "Feature",
      "properties": {
        "@id": "way/943943620",
        "access": "yes",
        "amenity": "parking",
        "fee": "no",
        "maxstay": "4 hours",
        "parking": "surface",
        "supervised": "no",
        "surface": "asphalt"
      },
      "geometry": {
        "type": "Polygon",
        "coordinates": [
          [
            [
              11.0080821,
              45.8445236
            ],
            [
              11.0080922,
              45.8445898
            ],
            [
              11.0072874,
              45.844678
            ],
            [
              11.0072789,
              45.8446137
            ],
            [
              11.0080821,
              45.8445236
            ]
          ]
        ]
      },
      "id": "way/943943620"
    },
    {
      "type": "Feature",
      "properties": {
        "@id": "way/958139990",
        "amenity": "parking",
        "fee": "no",
        "parking": "street_side",
        "surface": "asphalt"
      },
      "geometry": {
        "type": "Polygon",
        "coordinates": [
          [
            [
              11.0337354,
              45.8900186
            ],
            [
              11.0336767,
              45.8896783
            ],
            [
              11.0336366,
              45.8894463
            ],
            [
              11.0337077,
              45.8894687
            ],
            [
              11.0338284,
              45.8902061
            ],
            [
              11.0337613,
              45.8901688
            ],
            [
              11.0337354,
              45.8900186
            ]
          ]
        ]
      },
      "id": "way/958139990"
    },
    {
      "type": "Feature",
      "properties": {
        "@id": "way/958139991",
        "amenity": "parking",
        "parking": "street_side",
        "surface": "asphalt"
      },
      "geometry": {
        "type": "Polygon",
        "coordinates": [
          [
            [
              11.0335925,
              45.8898955
            ],
            [
              11.0335258,
              45.8895203
            ],
            [
              11.0334794,
              45.8892916
            ],
            [
              11.0335566,
              45.8892869
            ],
            [
              11.0336634,
              45.8899195
            ],
            [
              11.0336458,
              45.8899125
            ],
            [
              11.0335925,
              45.8898955
            ]
          ]
        ]
      },
      "id": "way/958139991"
    },
    {
      "type": "Feature",
      "properties": {
        "@id": "way/958140014",
        "access": "customers",
        "amenity": "parking",
        "fee": "no",
        "parking": "surface",
        "surface": "asphalt"
      },
      "geometry": {
        "type": "Polygon",
        "coordinates": [
          [
            [
              11.0339214,
              45.8917875
            ],
            [
              11.034006,
              45.8917788
            ],
            [
              11.0341066,
              45.8923752
            ],
            [
              11.0340272,
              45.8923832
            ],
            [
              11.0339214,
              45.8917875
            ]
          ]
        ]
      },
      "id": "way/958140014"
    },
    {
      "type": "Feature",
      "properties": {
        "@id": "way/964191541",
        "amenity": "parking",
        "parking": "street_side"
      },
      "geometry": {
        "type": "Polygon",
        "coordinates": [
          [
            [
              11.0521814,
              45.8872633
            ],
            [
              11.0522627,
              45.8872526
            ],
            [
              11.0524044,
              45.8872498
            ],
            [
              11.0526427,
              45.8872446
            ],
            [
              11.053037,
              45.8872353
            ],
            [
              11.0530374,
              45.8872598
            ],
            [
              11.0529985,
              45.8872771
            ],
            [
              11.0528543,
              45.8872883
            ],
            [
              11.0523514,
              45.8873083
            ],
            [
              11.0522642,
              45.8873093
            ],
            [
              11.0521945,
              45.8872887
            ],
            [
              11.0521814,
              45.8872633
            ]
          ]
        ]
      },
      "id": "way/964191541"
    },
    {
      "type": "Feature",
      "properties": {
        "@id": "way/992688265",
        "access": "customers",
        "amenity": "parking",
        "fee": "no",
        "parking": "surface"
      },
      "geometry": {
        "type": "Polygon",
        "coordinates": [
          [
            [
              11.0381021,
              45.9052829
            ],
            [
              11.0384898,
              45.9051435
            ],
            [
              11.0385865,
              45.9052802
            ],
            [
              11.0383528,
              45.9053596
            ],
            [
              11.038323,
              45.9053217
            ],
            [
              11.0383154,
              45.905326
            ],
            [
              11.0383037,
              45.9053317
            ],
            [
              11.0383025,
              45.905339
            ],
            [
              11.0383095,
              45.9053487
            ],
            [
              11.0383242,
              45.9053576
            ],
            [
              11.0384071,
              45.9054077
            ],
            [
              11.0384695,
              45.9054454
            ],
            [
              11.0384099,
              45.9054066
            ],
            [
              11.0386226,
              45.9053314
            ],
            [
              11.0386576,
              45.905319
            ],
            [
              11.0387858,
              45.9054988
            ],
            [
              11.038754,
              45.9055087
            ],
            [
              11.0388337,
              45.9056169
            ],
            [
              11.0391457,
              45.9055038
            ],
            [
              11.0391284,
              45.9054793
            ],
            [
              11.0391679,
              45.9054645
            ],
            [
              11.0392977,
              45.9054156
            ],
            [
              11.0393815,
              45.9055416
            ],
            [
              11.0388419,
              45.9057309
            ],
            [
              11.0388282,
              45.9057119
            ],
            [
              11.0387318,
              45.9057473
            ],
            [
              11.0387176,
              45.9057539
            ],
            [
              11.0385862,
              45.9056365
            ],
            [
              11.0385796,
              45.9056121
            ],
            [
              11.0385575,
              45.905587
            ],
            [
              11.0385349,
              45.9055668
            ],
            [
              11.0384921,
              45.9055984
            ],
            [
              11.0384669,
              45.9055818
            ],
            [
              11.0384425,
              45.9055658
            ],
            [
              11.0384202,
              45.9055508
            ],
            [
              11.0383967,
              45.9055358
            ],
            [
              11.0383725,
              45.9055207
            ],
            [
              11.0384129,
              45.9054894
            ],
            [
              11.0382154,
              45.9053602
            ],
            [
              11.0381729,
              45.9053745
            ],
            [
              11.0381021,
              45.9052829
            ]
          ]
        ]
      },
      "id": "way/992688265"
    },
    {
      "type": "Feature",
      "properties": {
        "@id": "way/999045465",
        "access": "customers",
        "amenity": "parking",
        "fee": "no",
        "operator": "IperOrvea",
        "parking": "surface",
        "surface": "asphalt"
      },
      "geometry": {
        "type": "Polygon",
        "coordinates": [
          [
            [
              11.0191175,
              45.8715701
            ],
            [
              11.0193352,
              45.8714002
            ],
            [
              11.0198396,
              45.8717137
            ],
            [
              11.0196219,
              45.8718835
            ],
            [
              11.0191175,
              45.8715701
            ]
          ]
        ]
      },
      "id": "way/999045465"
    },
    {
      "type": "Feature",
      "properties": {
        "@id": "way/1023583811",
        "amenity": "parking",
        "parking": "surface"
      },
      "geometry": {
        "type": "Polygon",
        "coordinates": [
          [
            [
              11.0286978,
              45.8931062
            ],
            [
              11.0288,
              45.8932858
            ],
            [
              11.0288232,
              45.8932806
            ],
            [
              11.0290464,
              45.8937074
            ],
            [
              11.0289216,
              45.8937454
            ],
            [
              11.0287285,
              45.8934129
            ],
            [
              11.0285695,
              45.893139
            ],
            [
              11.0286978,
              45.8931062
            ]
          ]
        ]
      },
      "id": "way/1023583811"
    },
    {
      "type": "Feature",
      "properties": {
        "@id": "way/1024187562",
        "access": "yes",
        "amenity": "parking",
        "capacity": "30",
        "fee": "no",
        "parking": "surface",
        "surface": "asphalt"
      },
      "geometry": {
        "type": "Polygon",
        "coordinates": [
          [
            [
              11.0348095,
              45.8533594
            ],
            [
              11.0347522,
              45.8532615
            ],
            [
              11.0349501,
              45.8532595
            ],
            [
              11.0351777,
              45.8533141
            ],
            [
              11.0350802,
              45.8534533
            ],
            [
              11.0348095,
              45.8533594
            ]
          ]
        ]
      },
      "id": "way/1024187562"
    },
    {
      "type": "Feature",
      "properties": {
        "@id": "way/1066956612",
        "access": "yes",
        "amenity": "parking",
        "parking": "surface",
        "surface": "unpaved"
      },
      "geometry": {
        "type": "Polygon",
        "coordinates": [
          [
            [
              11.0871219,
              45.8940548
            ],
            [
              11.0871656,
              45.8939243
            ],
            [
              11.0874381,
              45.8940369
            ],
            [
              11.0873255,
              45.8941204
            ],
            [
              11.0871219,
              45.8940548
            ]
          ]
        ]
      },
      "id": "way/1066956612"
    },
    {
      "type": "Feature",
      "properties": {
        "@id": "way/1072328593",
        "access": "yes",
        "amenity": "parking",
        "fee": "yes",
        "name": "Piazzetta Sichardt",
        "parking": "surface"
      },
      "geometry": {
        "type": "Polygon",
        "coordinates": [
          [
            [
              11.0440023,
              45.8870583
            ],
            [
              11.0442182,
              45.8869137
            ],
            [
              11.0445052,
              45.8870966
            ],
            [
              11.0445683,
              45.8871396
            ],
            [
              11.0445723,
              45.8871741
            ],
            [
              11.0444207,
              45.8871834
            ],
            [
              11.0442323,
              45.8871062
            ],
            [
              11.0442048,
              45.8871272
            ],
            [
              11.0440023,
              45.8870583
            ]
          ]
        ]
      },
      "id": "way/1072328593"
    },
    {
      "type": "Feature",
      "properties": {
        "@id": "way/1074102406",
        "access": "yes",
        "amenity": "parking",
        "fee": "no",
        "maxstay": "4 hours",
        "parking": "surface",
        "supervised": "no",
        "surface": "asphalt"
      },
      "geometry": {
        "type": "Polygon",
        "coordinates": [
          [
            [
              11.010948,
              45.8468662
            ],
            [
              11.0111728,
              45.8471738
            ],
            [
              11.0108469,
              45.8470023
            ],
            [
              11.010749,
              45.8469244
            ],
            [
              11.0106736,
              45.8468203
            ],
            [
              11.0106126,
              45.8466436
            ],
            [
              11.0105765,
              45.8465356
            ],
            [
              11.0106533,
              45.8464958
            ],
            [
              11.010948,
              45.8468662
            ]
          ]
        ]
      },
      "id": "way/1074102406"
    },
    {
      "type": "Feature",
      "properties": {
        "@id": "way/1085755905",
        "amenity": "parking",
        "fee": "no",
        "maxstay": "1 hour",
        "parking": "lane"
      },
      "geometry": {
        "type": "Polygon",
        "coordinates": [
          [
            [
              11.0386902,
              45.8956217
            ],
            [
              11.0384984,
              45.8950738
            ],
            [
              11.0385481,
              45.8950654
            ],
            [
              11.0387398,
              45.8956133
            ],
            [
              11.0386902,
              45.8956217
            ]
          ]
        ]
      },
      "id": "way/1085755905"
    },
    {
      "type": "Feature",
      "properties": {
        "@id": "way/1085755906",
        "amenity": "parking",
        "fee": "no",
        "maxstay": "1 hour",
        "parking": "lane",
        "supervised": "no",
        "surface": "asphalt"
      },
      "geometry": {
        "type": "Polygon",
        "coordinates": [
          [
            [
              11.0381119,
              45.8946169
            ],
            [
              11.0382878,
              45.8949784
            ],
            [
              11.0382292,
              45.8949922
            ],
            [
              11.0380532,
              45.8946307
            ],
            [
              11.0381119,
              45.8946169
            ]
          ]
        ]
      },
      "id": "way/1085755906"
    },
    {
      "type": "Feature",
      "properties": {
        "@id": "way/1085851640",
        "access": "customers",
        "amenity": "parking",
        "fee": "no",
        "parking": "street_side",
        "surface": "asphalt"
      },
      "geometry": {
        "type": "Polygon",
        "coordinates": [
          [
            [
              11.0323952,
              45.8954185
            ],
            [
              11.0324529,
              45.8954478
            ],
            [
              11.0322973,
              45.8956167
            ],
            [
              11.0322325,
              45.8955886
            ],
            [
              11.0323952,
              45.8954185
            ]
          ]
        ]
      },
      "id": "way/1085851640"
    },
    {
      "type": "Feature",
      "properties": {
        "@id": "way/1085851641",
        "access": "customers",
        "amenity": "parking",
        "fee": "no",
        "parking": "street_side",
        "surface": "asphalt"
      },
      "geometry": {
        "type": "Polygon",
        "coordinates": [
          [
            [
              11.032797,
              45.8949381
            ],
            [
              11.0329444,
              45.8947899
            ],
            [
              11.032993,
              45.8948133
            ],
            [
              11.0328455,
              45.8949615
            ],
            [
              11.032797,
              45.8949381
            ]
          ]
        ]
      },
      "id": "way/1085851641"
    },
    {
      "type": "Feature",
      "properties": {
        "@id": "way/1085851642",
        "access": "customers",
        "amenity": "parking",
        "capacity": "3",
        "fee": "no",
        "parking": "street_side",
        "surface": "asphalt"
      },
      "geometry": {
        "type": "Polygon",
        "coordinates": [
          [
            [
              11.0328027,
              45.8951192
            ],
            [
              11.0327986,
              45.8950769
            ],
            [
              11.0329463,
              45.8950699
            ],
            [
              11.0329504,
              45.8951123
            ],
            [
              11.0328027,
              45.8951192
            ]
          ]
        ]
      },
      "id": "way/1085851642"
    },
    {
      "type": "Feature",
      "properties": {
        "@id": "way/1085851643",
        "amenity": "parking",
        "fee": "no",
        "parking": "street_side",
        "surface": "asphalt"
      },
      "geometry": {
        "type": "Polygon",
        "coordinates": [
          [
            [
              11.0321595,
              45.8940656
            ],
            [
              11.032201,
              45.8940315
            ],
            [
              11.0328822,
              45.894447
            ],
            [
              11.0328377,
              45.8944829
            ],
            [
              11.0321595,
              45.8940656
            ]
          ]
        ]
      },
      "id": "way/1085851643"
    },
    {
      "type": "Feature",
      "properties": {
        "@id": "way/1097360436",
        "access": "yes",
        "amenity": "parking",
        "fee": "no",
        "parking": "surface"
      },
      "geometry": {
        "type": "Polygon",
        "coordinates": [
          [
            [
              11.0415637,
              45.8851764
            ],
            [
              11.0417474,
              45.8849758
            ],
            [
              11.0415071,
              45.8848672
            ],
            [
              11.0416032,
              45.8847723
            ],
            [
              11.0418066,
              45.8848602
            ],
            [
              11.0417551,
              45.884918
            ],
            [
              11.042231,
              45.8851325
            ],
            [
              11.0419569,
              45.8853494
            ],
            [
              11.0415637,
              45.8851764
            ]
          ]
        ]
      },
      "id": "way/1097360436"
    },
    {
      "type": "Feature",
      "properties": {
        "@id": "way/1146239196",
        "access": "yes",
        "amenity": "parking",
        "fee": "no",
        "parking": "surface",
        "surface": "asphalt"
      },
      "geometry": {
        "type": "Polygon",
        "coordinates": [
          [
            [
              11.0237716,
              45.8832423
            ],
            [
              11.0242498,
              45.88292
            ],
            [
              11.0244359,
              45.8830538
            ],
            [
              11.0239576,
              45.883376
            ],
            [
              11.0237716,
              45.8832423
            ]
          ]
        ]
      },
      "id": "way/1146239196"
    },
    {
      "type": "Feature",
      "properties": {
        "@id": "way/1168886237",
        "amenity": "parking",
        "parking": "street_side"
      },
      "geometry": {
        "type": "Polygon",
        "coordinates": [
          [
            [
              11.0379413,
              45.8946717
            ],
            [
              11.0379956,
              45.8947688
            ],
            [
              11.0379358,
              45.894785
            ],
            [
              11.0378815,
              45.8946879
            ],
            [
              11.0379413,
              45.8946717
            ]
          ]
        ]
      },
      "id": "way/1168886237"
    },
    {
      "type": "Feature",
      "properties": {
        "@id": "way/1175917684",
        "amenity": "parking"
      },
      "geometry": {
        "type": "Polygon",
        "coordinates": [
          [
            [
              11.0335622,
              45.8790416
            ],
            [
              11.0336356,
              45.8790573
            ],
            [
              11.033564,
              45.8792189
            ],
            [
              11.0334906,
              45.8792031
            ],
            [
              11.0335622,
              45.8790416
            ]
          ]
        ]
      },
      "id": "way/1175917684"
    },
    {
      "type": "Feature",
      "properties": {
        "@id": "way/1175917695",
        "access": "private",
        "amenity": "parking",
        "parking": "surface"
      },
      "geometry": {
        "type": "Polygon",
        "coordinates": [
          [
            [
              11.0285739,
              45.8953775
            ],
            [
              11.0285724,
              45.8953857
            ],
            [
              11.0280799,
              45.894624
            ],
            [
              11.0281211,
              45.8945835
            ],
            [
              11.0282646,
              45.8948019
            ],
            [
              11.0286115,
              45.8953496
            ],
            [
              11.0285924,
              45.8953551
            ],
            [
              11.028579,
              45.8953676
            ],
            [
              11.0285739,
              45.8953775
            ]
          ]
        ]
      },
      "id": "way/1175917695"
    },
    {
      "type": "Feature",
      "properties": {
        "@id": "way/1175917697",
        "access": "private",
        "amenity": "parking",
        "fee": "no",
        "parking": "surface"
      },
      "geometry": {
        "type": "Polygon",
        "coordinates": [
          [
            [
              11.0288353,
              45.8958268
            ],
            [
              11.0286313,
              45.8955016
            ],
            [
              11.0286268,
              45.8954944
            ],
            [
              11.0286976,
              45.8954735
            ],
            [
              11.0289009,
              45.8958063
            ],
            [
              11.0288353,
              45.8958268
            ]
          ]
        ]
      },
      "id": "way/1175917697"
    },
    {
      "type": "Feature",
      "properties": {
        "@id": "way/1175917699",
        "access": "private",
        "amenity": "parking",
        "parking": "surface"
      },
      "geometry": {
        "type": "Polygon",
        "coordinates": [
          [
            [
              11.0284405,
              45.8955598
            ],
            [
              11.0284162,
              45.8955266
            ],
            [
              11.0286085,
              45.8954652
            ],
            [
              11.0286313,
              45.8955016
            ],
            [
              11.0284405,
              45.8955598
            ]
          ]
        ]
      },
      "id": "way/1175917699"
    },
    {
      "type": "Feature",
      "properties": {
        "@id": "way/1175917701",
        "access": "yes",
        "amenity": "parking",
        "fee": "no",
        "parking": "surface"
      },
      "geometry": {
        "type": "Polygon",
        "coordinates": [
          [
            [
              11.0285226,
              45.8969638
            ],
            [
              11.0288317,
              45.8969607
            ],
            [
              11.0288335,
              45.8970066
            ],
            [
              11.0285243,
              45.8970097
            ],
            [
              11.0285226,
              45.8969638
            ]
          ]
        ]
      },
      "id": "way/1175917701"
    },
    {
      "type": "Feature",
      "properties": {
        "@id": "way/1175917702",
        "access": "yes",
        "amenity": "parking",
        "fee": "no",
        "parking": "surface"
      },
      "geometry": {
        "type": "Polygon",
        "coordinates": [
          [
            [
              11.0290164,
              45.8973328
            ],
            [
              11.0289749,
              45.8971432
            ],
            [
              11.0289638,
              45.8970715
            ],
            [
              11.0289595,
              45.8970299
            ],
            [
              11.0290103,
              45.897025
            ],
            [
              11.0290243,
              45.8971386
            ],
            [
              11.0290698,
              45.8973259
            ],
            [
              11.0290164,
              45.8973328
            ]
          ]
        ]
      },
      "id": "way/1175917702"
    },
    {
      "type": "Feature",
      "properties": {
        "@id": "way/1175917703",
        "amenity": "parking",
        "parking": "surface"
      },
      "geometry": {
        "type": "Polygon",
        "coordinates": [
          [
            [
              11.0279858,
              45.8944968
            ],
            [
              11.0279313,
              45.8943825
            ],
            [
              11.027988,
              45.89437
            ],
            [
              11.0280605,
              45.8944819
            ],
            [
              11.0279858,
              45.8944968
            ]
          ]
        ]
      },
      "id": "way/1175917703"
    },
    {
      "type": "Feature",
      "properties": {
        "@id": "way/1175917706",
        "amenity": "parking"
      },
      "geometry": {
        "type": "Polygon",
        "coordinates": [
          [
            [
              11.0295478,
              45.8952461
            ],
            [
              11.0295258,
              45.8951456
            ],
            [
              11.0295912,
              45.8951387
            ],
            [
              11.0296132,
              45.8952392
            ],
            [
              11.0295478,
              45.8952461
            ]
          ]
        ]
      },
      "id": "way/1175917706"
    },
    {
      "type": "Feature",
      "properties": {
        "@id": "way/1175919950",
        "amenity": "parking"
      },
      "geometry": {
        "type": "Polygon",
        "coordinates": [
          [
            [
              11.0371575,
              45.8818357
            ],
            [
              11.0372105,
              45.8815339
            ],
            [
              11.0375422,
              45.8815492
            ],
            [
              11.0371575,
              45.8818357
            ]
          ]
        ]
      },
      "id": "way/1175919950"
    },
    {
      "type": "Feature",
      "properties": {
        "@id": "way/1176246855",
        "amenity": "parking"
      },
      "geometry": {
        "type": "Polygon",
        "coordinates": [
          [
            [
              11.0332119,
              45.8997578
            ],
            [
              11.0332008,
              45.8996995
            ],
            [
              11.03337,
              45.8996839
            ],
            [
              11.0333811,
              45.8997422
            ],
            [
              11.0332119,
              45.8997578
            ]
          ]
        ]
      },
      "id": "way/1176246855"
    },
    {
      "type": "Feature",
      "properties": {
        "@id": "way/1176246857",
        "amenity": "parking"
      },
      "geometry": {
        "type": "Polygon",
        "coordinates": [
          [
            [
              11.0331583,
              45.8991565
            ],
            [
              11.0331723,
              45.8991061
            ],
            [
              11.0335109,
              45.8990736
            ],
            [
              11.0335202,
              45.8991223
            ],
            [
              11.0331583,
              45.8991565
            ]
          ]
        ]
      },
      "id": "way/1176246857"
    },
    {
      "type": "Feature",
      "properties": {
        "@id": "way/1176246858",
        "amenity": "parking"
      },
      "geometry": {
        "type": "Polygon",
        "coordinates": [
          [
            [
              11.034053,
              45.8992639
            ],
            [
              11.0340471,
              45.8992236
            ],
            [
              11.0341841,
              45.8992139
            ],
            [
              11.03419,
              45.8992541
            ],
            [
              11.034053,
              45.8992639
            ]
          ]
        ]
      },
      "id": "way/1176246858"
    },
    {
      "type": "Feature",
      "properties": {
        "@id": "way/1176246859",
        "amenity": "parking",
        "parking": "street_side"
      },
      "geometry": {
        "type": "Polygon",
        "coordinates": [
          [
            [
              11.0331999,
              45.89873
            ],
            [
              11.033207,
              45.8986117
            ],
            [
              11.0340805,
              45.8985388
            ],
            [
              11.0341021,
              45.898661
            ],
            [
              11.0331999,
              45.89873
            ]
          ]
        ]
      },
      "id": "way/1176246859"
    },
    {
      "type": "Feature",
      "properties": {
        "@id": "way/1176246860",
        "amenity": "parking",
        "parking": "street_side"
      },
      "geometry": {
        "type": "Polygon",
        "coordinates": [
          [
            [
              11.0326326,
              45.8990384
            ],
            [
              11.0326078,
              45.8989596
            ],
            [
              11.0326344,
              45.8989423
            ],
            [
              11.0330432,
              45.8989079
            ],
            [
              11.0330443,
              45.8989359
            ],
            [
              11.0330467,
              45.898999
            ],
            [
              11.0329719,
              45.8990061
            ],
            [
              11.0326794,
              45.8990339
            ],
            [
              11.0326326,
              45.8990384
            ]
          ]
        ]
      },
      "id": "way/1176246860"
    },
    {
      "type": "Feature",
      "properties": {
        "@id": "way/1176246865",
        "amenity": "parking",
        "parking": "street_side"
      },
      "geometry": {
        "type": "Polygon",
        "coordinates": [
          [
            [
              11.0331091,
              45.9002063
            ],
            [
              11.0331569,
              45.9001822
            ],
            [
              11.0332232,
              45.900142
            ],
            [
              11.0332788,
              45.9001165
            ],
            [
              11.0333652,
              45.9000896
            ],
            [
              11.033374,
              45.9001003
            ],
            [
              11.0334022,
              45.9001343
            ],
            [
              11.0333494,
              45.9001538
            ],
            [
              11.0332953,
              45.9001757
            ],
            [
              11.033242,
              45.9002025
            ],
            [
              11.0332054,
              45.9002238
            ],
            [
              11.0331743,
              45.9002445
            ],
            [
              11.0331091,
              45.9002063
            ]
          ]
        ]
      },
      "id": "way/1176246865"
    },
    {
      "type": "Feature",
      "properties": {
        "@id": "way/1176246866",
        "access": "yes",
        "amenity": "parking",
        "fee": "no",
        "parking": "surface"
      },
      "geometry": {
        "type": "Polygon",
        "coordinates": [
          [
            [
              11.0346625,
              45.9002356
            ],
            [
              11.0349896,
              45.9002864
            ],
            [
              11.035064,
              45.9007741
            ],
            [
              11.0350018,
              45.9007808
            ],
            [
              11.0347966,
              45.9007958
            ],
            [
              11.0346625,
              45.9002356
            ]
          ]
        ]
      },
      "id": "way/1176246866"
    },
    {
      "type": "Feature",
      "properties": {
        "@id": "way/1176247290",
        "access": "private",
        "amenity": "parking",
        "capacity": "10",
        "capacity:disabled": "0"
      },
      "geometry": {
        "type": "Polygon",
        "coordinates": [
          [
            [
              11.0243214,
              45.8801512
            ],
            [
              11.0242945,
              45.8801453
            ],
            [
              11.0243008,
              45.880134
            ],
            [
              11.0244409,
              45.8798805
            ],
            [
              11.0245689,
              45.8799109
            ],
            [
              11.0244325,
              45.8801852
            ],
            [
              11.0243214,
              45.8801512
            ]
          ]
        ]
      },
      "id": "way/1176247290"
    },
    {
      "type": "Feature",
      "properties": {
        "@id": "way/1176247292",
        "access": "private",
        "amenity": "parking",
        "capacity": "8"
      },
      "geometry": {
        "type": "Polygon",
        "coordinates": [
          [
            [
              11.0232481,
              45.880036
            ],
            [
              11.0233119,
              45.8799516
            ],
            [
              11.0233719,
              45.8799729
            ],
            [
              11.0233948,
              45.8799321
            ],
            [
              11.0234625,
              45.8799489
            ],
            [
              11.0233834,
              45.8800866
            ],
            [
              11.0232481,
              45.880036
            ]
          ]
        ]
      },
      "id": "way/1176247292"
    },
    {
      "type": "Feature",
      "properties": {
        "@id": "way/1181475653",
        "amenity": "parking"
      },
      "geometry": {
        "type": "Polygon",
        "coordinates": [
          [
            [
              11.0180959,
              45.8856704
            ],
            [
              11.0181002,
              45.8856329
            ],
            [
              11.0182666,
              45.8856421
            ],
            [
              11.0182623,
              45.8856797
            ],
            [
              11.0180959,
              45.8856704
            ]
          ]
        ]
      },
      "id": "way/1181475653"
    },
    {
      "type": "Feature",
      "properties": {
        "@id": "way/1204393012",
        "access": "yes",
        "amenity": "parking",
        "capacity": "5",
        "fee": "no",
        "parking": "surface",
        "surface": "asphalt"
      },
      "geometry": {
        "type": "Polygon",
        "coordinates": [
          [
            [
              11.0115731,
              45.844361
            ],
            [
              11.0116723,
              45.8443647
            ],
            [
              11.0117241,
              45.8444545
            ],
            [
              11.0116434,
              45.8444766
            ],
            [
              11.0115731,
              45.844361
            ]
          ]
        ]
      },
      "id": "way/1204393012"
    },
    {
      "type": "Feature",
      "properties": {
        "@id": "way/1204395713",
        "access": "yes",
        "amenity": "parking",
        "capacity": "6",
        "capacity:disabled": "1",
        "fee": "no",
        "parking": "surface",
        "surface": "asphalt"
      },
      "geometry": {
        "type": "Polygon",
        "coordinates": [
          [
            [
              11.0104896,
              45.8429386
            ],
            [
              11.0106295,
              45.8429403
            ],
            [
              11.0107357,
              45.8429761
            ],
            [
              11.0107872,
              45.8430001
            ],
            [
              11.0105257,
              45.8430652
            ],
            [
              11.0104896,
              45.8429386
            ]
          ]
        ]
      },
      "id": "way/1204395713"
    },
    {
      "type": "Feature",
      "properties": {
        "@id": "way/1204400921",
        "access": "yes",
        "amenity": "parking",
        "fee": "no",
        "parking": "surface",
        "surface": "asphalt"
      },
      "geometry": {
        "type": "Polygon",
        "coordinates": [
          [
            [
              11.0104425,
              45.8443245
            ],
            [
              11.0111587,
              45.8443544
            ],
            [
              11.0111493,
              45.8443998
            ],
            [
              11.0112243,
              45.8445469
            ],
            [
              11.0112302,
              45.8445584
            ],
            [
              11.0111023,
              45.8445955
            ],
            [
              11.0110427,
              45.8444936
            ],
            [
              11.0109045,
              45.8445277
            ],
            [
              11.0107007,
              45.844517
            ],
            [
              11.0106464,
              45.8445291
            ],
            [
              11.0105002,
              45.8445689
            ],
            [
              11.0104673,
              45.8445165
            ],
            [
              11.0104298,
              45.844411
            ],
            [
              11.0104224,
              45.8443778
            ],
            [
              11.0104217,
              45.8443596
            ],
            [
              11.0104278,
              45.8443437
            ],
            [
              11.0104425,
              45.8443245
            ]
          ]
        ]
      },
      "id": "way/1204400921"
    },
    {
      "type": "Feature",
      "properties": {
        "@id": "way/1213759532",
        "access": "private",
        "amenity": "parking",
        "parking": "street_side"
      },
      "geometry": {
        "type": "Polygon",
        "coordinates": [
          [
            [
              11.0399513,
              45.9065537
            ],
            [
              11.0399498,
              45.9064053
            ],
            [
              11.0400056,
              45.9064051
            ],
            [
              11.0400063,
              45.906553
            ],
            [
              11.0399513,
              45.9065537
            ]
          ]
        ]
      },
      "id": "way/1213759532"
    },
    {
      "type": "Feature",
      "properties": {
        "@id": "way/1223178695",
        "access": "private",
        "amenity": "parking"
      },
      "geometry": {
        "type": "Polygon",
        "coordinates": [
          [
            [
              11.0465639,
              45.9025002
            ],
            [
              11.046518,
              45.9023603
            ],
            [
              11.0467299,
              45.9023314
            ],
            [
              11.0467682,
              45.902469
            ],
            [
              11.0465639,
              45.9025002
            ]
          ]
        ]
      },
      "id": "way/1223178695"
    },
    {
      "type": "Feature",
      "properties": {
        "@id": "way/1223178696",
        "access": "private",
        "amenity": "parking"
      },
      "geometry": {
        "type": "Polygon",
        "coordinates": [
          [
            [
              11.0465147,
              45.9023519
            ],
            [
              11.0464699,
              45.9022212
            ],
            [
              11.0466862,
              45.9021976
            ],
            [
              11.0467234,
              45.9023261
            ],
            [
              11.0465147,
              45.9023519
            ]
          ]
        ]
      },
      "id": "way/1223178696"
    },
    {
      "type": "Feature",
      "properties": {
        "@id": "way/1223178697",
        "access": "yes",
        "amenity": "parking",
        "capacity": "1",
        "capacity:disabled": "1"
      },
      "geometry": {
        "type": "Polygon",
        "coordinates": [
          [
            [
              11.0466448,
              45.9018014
            ],
            [
              11.0465772,
              45.9017349
            ],
            [
              11.0465999,
              45.9017135
            ],
            [
              11.0466097,
              45.901724
            ],
            [
              11.0466737,
              45.9017736
            ],
            [
              11.0466448,
              45.9018014
            ]
          ]
        ]
      },
      "id": "way/1223178697"
    },
    {
      "type": "Feature",
      "properties": {
        "@id": "way/1223178698",
        "access": "permissive",
        "amenity": "parking"
      },
      "geometry": {
        "type": "Polygon",
        "coordinates": [
          [
            [
              11.0434438,
              45.9056603
            ],
            [
              11.0435099,
              45.9054239
            ],
            [
              11.0435372,
              45.905314
            ],
            [
              11.0435908,
              45.9050686
            ],
            [
              11.0437225,
              45.9050647
            ],
            [
              11.0438692,
              45.9050876
            ],
            [
              11.0440018,
              45.9051137
            ],
            [
              11.0439942,
              45.9051432
            ],
            [
              11.0439077,
              45.9051576
            ],
            [
              11.0438984,
              45.9051816
            ],
            [
              11.0439167,
              45.905224
            ],
            [
              11.0437997,
              45.9053924
            ],
            [
              11.0438077,
              45.9054001
            ],
            [
              11.0437846,
              45.9054298
            ],
            [
              11.0437516,
              45.9053884
            ],
            [
              11.0436017,
              45.9053936
            ],
            [
              11.0435618,
              45.9054095
            ],
            [
              11.0435312,
              45.905433
            ],
            [
              11.0434744,
              45.9056542
            ],
            [
              11.0434438,
              45.9056603
            ]
          ]
        ]
      },
      "id": "way/1223178698"
    },
    {
      "type": "Feature",
      "properties": {
        "@id": "way/1223178700",
        "access": "yes",
        "amenity": "parking",
        "fee": "no",
        "parking": "surface"
      },
      "geometry": {
        "type": "Polygon",
        "coordinates": [
          [
            [
              11.0451398,
              45.9006892
            ],
            [
              11.0450372,
              45.9004955
            ],
            [
              11.0449203,
              45.9002644
            ],
            [
              11.0448821,
              45.9002188
            ],
            [
              11.0449389,
              45.900177
            ],
            [
              11.0450361,
              45.9002355
            ],
            [
              11.0451049,
              45.9003199
            ],
            [
              11.0451934,
              45.9004811
            ],
            [
              11.045243,
              45.9005908
            ],
            [
              11.0451678,
              45.900601
            ],
            [
              11.0451826,
              45.90068
            ],
            [
              11.0451398,
              45.9006892
            ]
          ]
        ]
      },
      "id": "way/1223178700"
    },
    {
      "type": "Feature",
      "properties": {
        "@id": "way/1223249997",
        "access": "yes",
        "amenity": "parking",
        "fee": "no",
        "parking": "street_side"
      },
      "geometry": {
        "type": "Polygon",
        "coordinates": [
          [
            [
              11.0423627,
              45.9053547
            ],
            [
              11.0423026,
              45.9053069
            ],
            [
              11.0423541,
              45.9049426
            ],
            [
              11.0424399,
              45.9049187
            ],
            [
              11.0424588,
              45.9049298
            ],
            [
              11.0423872,
              45.90532
            ],
            [
              11.0423627,
              45.9053547
            ]
          ]
        ]
      },
      "id": "way/1223249997"
    },
    {
      "type": "Feature",
      "properties": {
        "@id": "way/1223407286",
        "access": "private",
        "amenity": "parking",
        "parking": "surface"
      },
      "geometry": {
        "type": "Polygon",
        "coordinates": [
          [
            [
              11.0374743,
              45.8965828
            ],
            [
              11.0377114,
              45.8964924
            ],
            [
              11.0377705,
              45.8964651
            ],
            [
              11.0378414,
              45.8965014
            ],
            [
              11.0379008,
              45.896576
            ],
            [
              11.0378219,
              45.8966145
            ],
            [
              11.0377772,
              45.8966324
            ],
            [
              11.0375711,
              45.8967152
            ],
            [
              11.0374743,
              45.8965828
            ]
          ]
        ]
      },
      "id": "way/1223407286"
    },
    {
      "type": "Feature",
      "properties": {
        "@id": "way/1259705445",
        "amenity": "parking",
        "surface": "grass_paver"
      },
      "geometry": {
        "type": "Polygon",
        "coordinates": [
          [
            [
              11.0453229,
              45.8810814
            ],
            [
              11.0453389,
              45.8810651
            ],
            [
              11.0455115,
              45.8811467
            ],
            [
              11.0454955,
              45.8811631
            ],
            [
              11.0453229,
              45.8810814
            ]
          ]
        ]
      },
      "id": "way/1259705445"
    },
    {
      "type": "Feature",
      "properties": {
        "@id": "way/1271730614",
        "amenity": "parking"
      },
      "geometry": {
        "type": "Polygon",
        "coordinates": [
          [
            [
              11.0422732,
              45.9001814
            ],
            [
              11.0423108,
              45.9000215
            ],
            [
              11.0423819,
              45.9000364
            ],
            [
              11.0423301,
              45.9001913
            ],
            [
              11.0422732,
              45.9001814
            ]
          ]
        ]
      },
      "id": "way/1271730614"
    },
    {
      "type": "Feature",
      "properties": {
        "@id": "way/1271730615",
        "access": "yes",
        "amenity": "parking",
        "fee": "no",
        "parking": "surface"
      },
      "geometry": {
        "type": "Polygon",
        "coordinates": [
          [
            [
              11.0421756,
              45.9001651
            ],
            [
              11.0421878,
              45.9000194
            ],
            [
              11.0422437,
              45.9000293
            ],
            [
              11.0422376,
              45.9001538
            ],
            [
              11.0421756,
              45.9001651
            ]
          ]
        ]
      },
      "id": "way/1271730615"
    },
    {
      "type": "Feature",
      "properties": {
        "@id": "way/1271730616",
        "amenity": "parking",
        "parking": "surface"
      },
      "geometry": {
        "type": "Polygon",
        "coordinates": [
          [
            [
              11.0422727,
              45.9013105
            ],
            [
              11.0424001,
              45.9008672
            ],
            [
              11.0424283,
              45.9008793
            ],
            [
              11.0424283,
              45.9009558
            ],
            [
              11.0423277,
              45.9013077
            ],
            [
              11.0422727,
              45.9013105
            ]
          ]
        ]
      },
      "id": "way/1271730616"
    },
    {
      "type": "Feature",
      "properties": {
        "@id": "way/1271730617",
        "amenity": "parking"
      },
      "geometry": {
        "type": "Polygon",
        "coordinates": [
          [
            [
              11.0422037,
              45.9012804
            ],
            [
              11.0422275,
              45.9011839
            ],
            [
              11.0422599,
              45.9011887
            ],
            [
              11.0422345,
              45.9012831
            ],
            [
              11.0422037,
              45.9012804
            ]
          ]
        ]
      },
      "id": "way/1271730617"
    },
    {
      "type": "Feature",
      "properties": {
        "@id": "way/1271730618",
        "amenity": "parking"
      },
      "geometry": {
        "type": "Polygon",
        "coordinates": [
          [
            [
              11.0422507,
              45.9011121
            ],
            [
              11.0422816,
              45.9009866
            ],
            [
              11.0423102,
              45.900991
            ],
            [
              11.0422793,
              45.9011145
            ],
            [
              11.0422507,
              45.9011121
            ]
          ]
        ]
      },
      "id": "way/1271730618"
    },
    {
      "type": "Feature",
      "properties": {
        "@id": "way/1271730619",
        "amenity": "parking"
      },
      "geometry": {
        "type": "Polygon",
        "coordinates": [
          [
            [
              11.0409895,
              45.902041
            ],
            [
              11.0410377,
              45.9017984
            ],
            [
              11.041255,
              45.9018208
            ],
            [
              11.0411933,
              45.9018684
            ],
            [
              11.0411745,
              45.9019011
            ],
            [
              11.0411598,
              45.9019468
            ],
            [
              11.0411799,
              45.9019822
            ],
            [
              11.041204,
              45.9020214
            ],
            [
              11.0412496,
              45.902056
            ],
            [
              11.0413234,
              45.9020672
            ],
            [
              11.041314,
              45.9021222
            ],
            [
              11.0409693,
              45.9020812
            ],
            [
              11.0409895,
              45.902041
            ]
          ]
        ]
      },
      "id": "way/1271730619"
    },
    {
      "type": "Feature",
      "properties": {
        "@id": "way/1271730620",
        "amenity": "parking"
      },
      "geometry": {
        "type": "Polygon",
        "coordinates": [
          [
            [
              11.0429997,
              45.9017567
            ],
            [
              11.0424989,
              45.9017672
            ],
            [
              11.0425059,
              45.901729
            ],
            [
              11.0429986,
              45.9017128
            ],
            [
              11.0429997,
              45.9017567
            ]
          ]
        ]
      },
      "id": "way/1271730620"
    },
    {
      "type": "Feature",
      "properties": {
        "@id": "way/1271730621",
        "amenity": "parking"
      },
      "geometry": {
        "type": "Polygon",
        "coordinates": [
          [
            [
              11.0423747,
              45.9016799
            ],
            [
              11.0423728,
              45.9016335
            ],
            [
              11.0429782,
              45.9016143
            ],
            [
              11.0429724,
              45.9016759
            ],
            [
              11.0423747,
              45.9016799
            ]
          ]
        ]
      },
      "id": "way/1271730621"
    },
    {
      "type": "Feature",
      "properties": {
        "@id": "way/1289434336",
        "amenity": "parking",
        "parking": "street_side"
      },
      "geometry": {
        "type": "Polygon",
        "coordinates": [
          [
            [
              11.0362433,
              45.8847677
            ],
            [
              11.0364746,
              45.8843105
            ],
            [
              11.0365338,
              45.884325
            ],
            [
              11.0362772,
              45.8848321
            ],
            [
              11.036218,
              45.8848176
            ],
            [
              11.0362433,
              45.8847677
            ]
          ]
        ]
      },
      "id": "way/1289434336"
    },
    {
      "type": "Feature",
      "properties": {
        "@id": "way/1289434337",
        "amenity": "parking",
        "parking": "street_side"
      },
      "geometry": {
        "type": "Polygon",
        "coordinates": [
          [
            [
              11.0364052,
              45.884862
            ],
            [
              11.036348,
              45.884848
            ],
            [
              11.0366035,
              45.8843404
            ],
            [
              11.0366608,
              45.8843543
            ],
            [
              11.0364052,
              45.884862
            ]
          ]
        ]
      },
      "id": "way/1289434337"
    },
    {
      "type": "Feature",
      "properties": {
        "@id": "way/1293501837",
        "access": "customers",
        "amenity": "parking",
        "parking": "surface"
      },
      "geometry": {
        "type": "Polygon",
        "coordinates": [
          [
            [
              11.0266208,
              45.8642254
            ],
            [
              11.0259398,
              45.8647588
            ],
            [
              11.0258903,
              45.8647187
            ],
            [
              11.026571,
              45.8641907
            ],
            [
              11.0266208,
              45.8642254
            ]
          ]
        ]
      },
      "id": "way/1293501837"
    },
    {
      "type": "Feature",
      "properties": {
        "@id": "way/1315329053",
        "amenity": "parking",
        "capacity": "1",
        "parking": "street_side"
      },
      "geometry": {
        "type": "Polygon",
        "coordinates": [
          [
            [
              11.0370153,
              45.8986374
            ],
            [
              11.0370764,
              45.8986282
            ],
            [
              11.0370821,
              45.8986479
            ],
            [
              11.0370211,
              45.8986568
            ],
            [
              11.0370153,
              45.8986374
            ]
          ]
        ]
      },
      "id": "way/1315329053"
    },
    {
      "type": "Feature",
      "properties": {
        "@id": "way/1315329054",
        "amenity": "parking",
        "capacity": "1",
        "parking": "surface"
      },
      "geometry": {
        "type": "Polygon",
        "coordinates": [
          [
            [
              11.0370211,
              45.8986568
            ],
            [
              11.0370821,
              45.8986479
            ],
            [
              11.0370879,
              45.8986677
            ],
            [
              11.0370268,
              45.8986766
            ],
            [
              11.0370211,
              45.8986568
            ]
          ]
        ]
      },
      "id": "way/1315329054"
    },
    {
      "type": "Feature",
      "properties": {
        "@id": "way/1315329056",
        "amenity": "parking",
        "capacity": "1",
        "parking": "surface"
      },
      "geometry": {
        "type": "Polygon",
        "coordinates": [
          [
            [
              11.0370567,
              45.8987622
            ],
            [
              11.0371177,
              45.898753
            ],
            [
              11.0371235,
              45.8987727
            ],
            [
              11.0370624,
              45.8987817
            ],
            [
              11.0370567,
              45.8987622
            ]
          ]
        ]
      },
      "id": "way/1315329056"
    },
    {
      "type": "Feature",
      "properties": {
        "@id": "way/1315329057",
        "amenity": "parking",
        "capacity": "1",
        "parking": "surface"
      },
      "geometry": {
        "type": "Polygon",
        "coordinates": [
          [
            [
              11.0370624,
              45.8987817
            ],
            [
              11.0371235,
              45.8987727
            ],
            [
              11.0371293,
              45.8987924
            ],
            [
              11.0370682,
              45.8988014
            ],
            [
              11.0370624,
              45.8987817
            ]
          ]
        ]
      },
      "id": "way/1315329057"
    },
    {
      "type": "Feature",
      "properties": {
        "@id": "way/1315329058",
        "amenity": "parking",
        "capacity": "1",
        "parking": "surface"
      },
      "geometry": {
        "type": "Polygon",
        "coordinates": [
          [
            [
              11.0370682,
              45.8988014
            ],
            [
              11.0371293,
              45.8987924
            ],
            [
              11.037135,
              45.8988125
            ],
            [
              11.0370739,
              45.8988215
            ],
            [
              11.0370682,
              45.8988014
            ]
          ]
        ]
      },
      "id": "way/1315329058"
    },
    {
      "type": "Feature",
      "properties": {
        "@id": "way/1315329061",
        "amenity": "parking",
        "capacity": "1"
      },
      "geometry": {
        "type": "Polygon",
        "coordinates": [
          [
            [
              11.0361842,
              45.8987142
            ],
            [
              11.0362453,
              45.8987055
            ],
            [
              11.0362512,
              45.8987248
            ],
            [
              11.0361902,
              45.8987336
            ],
            [
              11.0361842,
              45.8987142
            ]
          ]
        ]
      },
      "id": "way/1315329061"
    },
    {
      "type": "Feature",
      "properties": {
        "@id": "way/1315329062",
        "amenity": "parking",
        "capacity": "1"
      },
      "geometry": {
        "type": "Polygon",
        "coordinates": [
          [
            [
              11.0361902,
              45.8987336
            ],
            [
              11.0362512,
              45.8987248
            ],
            [
              11.0362571,
              45.8987445
            ],
            [
              11.0361961,
              45.8987533
            ],
            [
              11.0361902,
              45.8987336
            ]
          ]
        ]
      },
      "id": "way/1315329062"
    },
    {
      "type": "Feature",
      "properties": {
        "@id": "way/1315329063",
        "amenity": "parking",
        "capacity": "1"
      },
      "geometry": {
        "type": "Polygon",
        "coordinates": [
          [
            [
              11.0361961,
              45.8987533
            ],
            [
              11.0362571,
              45.8987445
            ],
            [
              11.0362631,
              45.8987647
            ],
            [
              11.0362025,
              45.8987733
            ],
            [
              11.0361961,
              45.8987533
            ]
          ]
        ]
      },
      "id": "way/1315329063"
    },
    {
      "type": "Feature",
      "properties": {
        "@id": "way/1315695742",
        "amenity": "parking",
        "capacity": "1"
      },
      "geometry": {
        "type": "Polygon",
        "coordinates": [
          [
            [
              11.0074551,
              45.8409221
            ],
            [
              11.0074852,
              45.8409144
            ],
            [
              11.0075039,
              45.8409575
            ],
            [
              11.0074741,
              45.8409641
            ],
            [
              11.0074551,
              45.8409221
            ]
          ]
        ]
      },
      "id": "way/1315695742"
    },
    {
      "type": "Feature",
      "properties": {
        "@id": "way/1315695743",
        "amenity": "parking",
        "capacity": "1"
      },
      "geometry": {
        "type": "Polygon",
        "coordinates": [
          [
            [
              11.0074741,
              45.8409641
            ],
            [
              11.0075039,
              45.8409575
            ],
            [
              11.0075241,
              45.8410001
            ],
            [
              11.0074947,
              45.8410062
            ],
            [
              11.0074741,
              45.8409641
            ]
          ]
        ]
      },
      "id": "way/1315695743"
    },
    {
      "type": "Feature",
      "properties": {
        "@id": "way/1315695744",
        "amenity": "parking",
        "capacity": "1"
      },
      "geometry": {
        "type": "Polygon",
        "coordinates": [
          [
            [
              11.0074947,
              45.8410062
            ],
            [
              11.0075241,
              45.8410001
            ],
            [
              11.007543,
              45.8410404
            ],
            [
              11.0075142,
              45.8410466
            ],
            [
              11.0074947,
              45.8410062
            ]
          ]
        ]
      },
      "id": "way/1315695744"
    },
    {
      "type": "Feature",
      "properties": {
        "@id": "way/1315695745",
        "amenity": "parking",
        "capacity": "1"
      },
      "geometry": {
        "type": "Polygon",
        "coordinates": [
          [
            [
              11.0075142,
              45.8410466
            ],
            [
              11.007543,
              45.8410404
            ],
            [
              11.0075627,
              45.8410822
            ],
            [
              11.0075342,
              45.8410885
            ],
            [
              11.0075142,
              45.8410466
            ]
          ]
        ]
      },
      "id": "way/1315695745"
    },
    {
      "type": "Feature",
      "properties": {
        "@id": "way/1315695748",
        "amenity": "parking",
        "capacity": "1"
      },
      "geometry": {
        "type": "Polygon",
        "coordinates": [
          [
            [
              11.0076107,
              45.8407915
            ],
            [
              11.007615,
              45.840772
            ],
            [
              11.0076667,
              45.8407791
            ],
            [
              11.0076616,
              45.8407983
            ],
            [
              11.0076107,
              45.8407915
            ]
          ]
        ]
      },
      "id": "way/1315695748"
    },
    {
      "type": "Feature",
      "properties": {
        "@id": "way/1315695749",
        "amenity": "parking",
        "capacity": "1"
      },
      "geometry": {
        "type": "Polygon",
        "coordinates": [
          [
            [
              11.0076616,
              45.8407983
            ],
            [
              11.0076667,
              45.8407791
            ],
            [
              11.0077174,
              45.8407865
            ],
            [
              11.0077119,
              45.8408056
            ],
            [
              11.0076616,
              45.8407983
            ]
          ]
        ]
      },
      "id": "way/1315695749"
    },
    {
      "type": "Feature",
      "properties": {
        "@id": "way/1315695750",
        "amenity": "parking",
        "capacity": "1"
      },
      "geometry": {
        "type": "Polygon",
        "coordinates": [
          [
            [
              11.0077119,
              45.8408056
            ],
            [
              11.0077174,
              45.8407865
            ],
            [
              11.0077678,
              45.8407936
            ],
            [
              11.0077623,
              45.8408127
            ],
            [
              11.0077119,
              45.8408056
            ]
          ]
        ]
      },
      "id": "way/1315695750"
    },
    {
      "type": "Feature",
      "properties": {
        "@id": "way/1315695751",
        "amenity": "parking",
        "capacity": "1"
      },
      "geometry": {
        "type": "Polygon",
        "coordinates": [
          [
            [
              11.0077623,
              45.8408127
            ],
            [
              11.0077678,
              45.8407936
            ],
            [
              11.0078186,
              45.8408011
            ],
            [
              11.007813,
              45.84082
            ],
            [
              11.0077623,
              45.8408127
            ]
          ]
        ]
      },
      "id": "way/1315695751"
    },
    {
      "type": "Feature",
      "properties": {
        "@id": "way/1315695752",
        "amenity": "parking",
        "capacity": "1"
      },
      "geometry": {
        "type": "Polygon",
        "coordinates": [
          [
            [
              11.007813,
              45.84082
            ],
            [
              11.0078186,
              45.8408011
            ],
            [
              11.0078695,
              45.8408087
            ],
            [
              11.0078631,
              45.8408278
            ],
            [
              11.007813,
              45.84082
            ]
          ]
        ]
      },
      "id": "way/1315695752"
    },
    {
      "type": "Feature",
      "properties": {
        "@id": "way/1315695754",
        "amenity": "parking",
        "capacity": "1"
      },
      "geometry": {
        "type": "Polygon",
        "coordinates": [
          [
            [
              11.0074879,
              45.8406888
            ],
            [
              11.0075153,
              45.8406428
            ],
            [
              11.0075525,
              45.8406481
            ],
            [
              11.0075208,
              45.8406929
            ],
            [
              11.0074879,
              45.8406888
            ]
          ]
        ]
      },
      "id": "way/1315695754"
    },
    {
      "type": "Feature",
      "properties": {
        "@id": "way/1315695755",
        "amenity": "parking",
        "capacity": "1"
      },
      "geometry": {
        "type": "Polygon",
        "coordinates": [
          [
            [
              11.0075208,
              45.8406929
            ],
            [
              11.0075525,
              45.8406481
            ],
            [
              11.0075871,
              45.8406534
            ],
            [
              11.0075572,
              45.8406967
            ],
            [
              11.0075208,
              45.8406929
            ]
          ]
        ]
      },
      "id": "way/1315695755"
    },
    {
      "type": "Feature",
      "properties": {
        "@id": "way/1315695756",
        "amenity": "parking",
        "capacity": "1"
      },
      "geometry": {
        "type": "Polygon",
        "coordinates": [
          [
            [
              11.0075572,
              45.8406967
            ],
            [
              11.0075871,
              45.8406534
            ],
            [
              11.0076182,
              45.8406586
            ],
            [
              11.0075939,
              45.8407008
            ],
            [
              11.0075572,
              45.8406967
            ]
          ]
        ]
      },
      "id": "way/1315695756"
    },
    {
      "type": "Feature",
      "properties": {
        "@id": "way/1315695757",
        "amenity": "parking",
        "capacity": "1"
      },
      "geometry": {
        "type": "Polygon",
        "coordinates": [
          [
            [
              11.0075939,
              45.8407008
            ],
            [
              11.0076182,
              45.8406586
            ],
            [
              11.0076501,
              45.8406634
            ],
            [
              11.0076259,
              45.840705
            ],
            [
              11.0075939,
              45.8407008
            ]
          ]
        ]
      },
      "id": "way/1315695757"
    },
    {
      "type": "Feature",
      "properties": {
        "@id": "way/1315695758",
        "amenity": "parking",
        "capacity": "1"
      },
      "geometry": {
        "type": "Polygon",
        "coordinates": [
          [
            [
              11.0076259,
              45.840705
            ],
            [
              11.0076501,
              45.8406634
            ],
            [
              11.0076816,
              45.8406676
            ],
            [
              11.0076558,
              45.8407095
            ],
            [
              11.0076259,
              45.840705
            ]
          ]
        ]
      },
      "id": "way/1315695758"
    },
    {
      "type": "Feature",
      "properties": {
        "@id": "way/1316466174",
        "access": "private",
        "amenity": "parking"
      },
      "geometry": {
        "type": "Polygon",
        "coordinates": [
          [
            [
              11.0308619,
              45.8982855
            ],
            [
              11.0309791,
              45.8982677
            ],
            [
              11.0310348,
              45.8982726
            ],
            [
              11.0310667,
              45.8982776
            ],
            [
              11.0310835,
              45.898293
            ],
            [
              11.0311493,
              45.8984132
            ],
            [
              11.031162,
              45.8984855
            ],
            [
              11.0311268,
              45.8984949
            ],
            [
              11.0310472,
              45.8983552
            ],
            [
              11.0310286,
              45.898333
            ],
            [
              11.0310021,
              45.8983164
            ],
            [
              11.0309693,
              45.8983108
            ],
            [
              11.030934,
              45.8983157
            ],
            [
              11.0308817,
              45.8983262
            ],
            [
              11.0308619,
              45.8982855
            ]
          ]
        ]
      },
      "id": "way/1316466174"
    },
    {
      "type": "Feature",
      "properties": {
        "@id": "way/1316710070",
        "amenity": "parking",
        "parking": "street_side"
      },
      "geometry": {
        "type": "Polygon",
        "coordinates": [
          [
            [
              11.0317666,
              45.8975783
            ],
            [
              11.0317479,
              45.8975458
            ],
            [
              11.0317918,
              45.8975322
            ],
            [
              11.0317479,
              45.8974584
            ],
            [
              11.0318411,
              45.897432
            ],
            [
              11.0319011,
              45.897538
            ],
            [
              11.0317666,
              45.8975783
            ]
          ]
        ]
      },
      "id": "way/1316710070"
    },
    {
      "type": "Feature",
      "properties": {
        "@id": "way/1316710071",
        "amenity": "parking",
        "parking": "street_side"
      },
      "geometry": {
        "type": "Polygon",
        "coordinates": [
          [
            [
              11.0318411,
              45.897432
            ],
            [
              11.0319156,
              45.897411
            ],
            [
              11.03196,
              45.8974912
            ],
            [
              11.0320057,
              45.8974775
            ],
            [
              11.0320188,
              45.8975036
            ],
            [
              11.0319011,
              45.897538
            ],
            [
              11.0318411,
              45.897432
            ]
          ]
        ]
      },
      "id": "way/1316710071"
    },
    {
      "type": "Feature",
      "properties": {
        "@id": "way/1316710074",
        "amenity": "parking",
        "parking": "street_side"
      },
      "geometry": {
        "type": "Polygon",
        "coordinates": [
          [
            [
              11.0321319,
              45.8974652
            ],
            [
              11.0321113,
              45.8974294
            ],
            [
              11.0321636,
              45.8974138
            ],
            [
              11.0321308,
              45.8973502
            ],
            [
              11.0322036,
              45.8973297
            ],
            [
              11.0322581,
              45.8974264
            ],
            [
              11.0321319,
              45.8974652
            ]
          ]
        ]
      },
      "id": "way/1316710074"
    },
    {
      "type": "Feature",
      "properties": {
        "@id": "way/1316710075",
        "amenity": "parking",
        "parking": "street_side"
      },
      "geometry": {
        "type": "Polygon",
        "coordinates": [
          [
            [
              11.0322036,
              45.8973297
            ],
            [
              11.0322718,
              45.8973104
            ],
            [
              11.0323089,
              45.8973758
            ],
            [
              11.0323733,
              45.8973589
            ],
            [
              11.0323878,
              45.8973865
            ],
            [
              11.0322581,
              45.8974264
            ],
            [
              11.0322036,
              45.8973297
            ]
          ]
        ]
      },
      "id": "way/1316710075"
    },
    {
      "type": "Feature",
      "properties": {
        "@id": "way/1316710076",
        "amenity": "parking",
        "parking": "street_side"
      },
      "geometry": {
        "type": "Polygon",
        "coordinates": [
          [
            [
              11.0316676,
              45.8976115
            ],
            [
              11.0315956,
              45.8976323
            ],
            [
              11.031531,
              45.8975196
            ],
            [
              11.0315386,
              45.897517
            ],
            [
              11.0316001,
              45.8975001
            ],
            [
              11.0316676,
              45.8976115
            ]
          ]
        ]
      },
      "id": "way/1316710076"
    },
    {
      "type": "Feature",
      "properties": {
        "@id": "way/1316710077",
        "amenity": "parking",
        "parking": "street_side"
      },
      "geometry": {
        "type": "Polygon",
        "coordinates": [
          [
            [
              11.0315284,
              45.8976524
            ],
            [
              11.0314641,
              45.8975385
            ],
            [
              11.031531,
              45.8975196
            ],
            [
              11.0315956,
              45.8976323
            ],
            [
              11.0315284,
              45.8976524
            ]
          ]
        ]
      },
      "id": "way/1316710077"
    },
    {
      "type": "Feature",
      "properties": {
        "@id": "way/1316710085",
        "amenity": "parking"
      },
      "geometry": {
        "type": "Polygon",
        "coordinates": [
          [
            [
              11.0302782,
              45.895693
            ],
            [
              11.0303302,
              45.8957779
            ],
            [
              11.0303153,
              45.8957825
            ],
            [
              11.0302792,
              45.8957934
            ],
            [
              11.0302266,
              45.8957082
            ],
            [
              11.0302782,
              45.895693
            ]
          ]
        ]
      },
      "id": "way/1316710085"
    },
    {
      "type": "Feature",
      "properties": {
        "@id": "way/1316710086",
        "amenity": "parking"
      },
      "geometry": {
        "type": "Polygon",
        "coordinates": [
          [
            [
              11.0303153,
              45.8957825
            ],
            [
              11.0303302,
              45.8957779
            ],
            [
              11.0303675,
              45.8957671
            ],
            [
              11.0303928,
              45.8958086
            ],
            [
              11.0303404,
              45.895824
            ],
            [
              11.0303153,
              45.8957825
            ]
          ]
        ]
      },
      "id": "way/1316710086"
    },
    {
      "type": "Feature",
      "properties": {
        "@id": "way/1316710087",
        "amenity": "parking"
      },
      "geometry": {
        "type": "Polygon",
        "coordinates": [
          [
            [
              11.0304262,
              45.8958472
            ],
            [
              11.0304054,
              45.8958125
            ],
            [
              11.0305016,
              45.895783
            ],
            [
              11.0305228,
              45.8958173
            ],
            [
              11.0304262,
              45.8958472
            ]
          ]
        ]
      },
      "id": "way/1316710087"
    },
    {
      "type": "Feature",
      "properties": {
        "@id": "way/1316713499",
        "amenity": "parking"
      },
      "geometry": {
        "type": "Polygon",
        "coordinates": [
          [
            [
              11.0300467,
              45.8955962
            ],
            [
              11.0299811,
              45.8956039
            ],
            [
              11.0299036,
              45.8952782
            ],
            [
              11.0299735,
              45.8952711
            ],
            [
              11.0300467,
              45.8955962
            ]
          ]
        ]
      },
      "id": "way/1316713499"
    },
    {
      "type": "Feature",
      "properties": {
        "@id": "way/1317922542",
        "access": "private",
        "amenity": "parking"
      },
      "geometry": {
        "type": "Polygon",
        "coordinates": [
          [
            [
              11.0266466,
              45.8951863
            ],
            [
              11.026653,
              45.8953386
            ],
            [
              11.026577,
              45.8953584
            ],
            [
              11.026561,
              45.8952036
            ],
            [
              11.0266466,
              45.8951863
            ]
          ]
        ]
      },
      "id": "way/1317922542"
    },
    {
      "type": "Feature",
      "properties": {
        "@id": "way/1317922553",
        "amenity": "parking"
      },
      "geometry": {
        "type": "Polygon",
        "coordinates": [
          [
            [
              11.02683,
              45.8939264
            ],
            [
              11.0267592,
              45.893943
            ],
            [
              11.0266495,
              45.8937034
            ],
            [
              11.0267205,
              45.8936878
            ],
            [
              11.02683,
              45.8939264
            ]
          ]
        ]
      },
      "id": "way/1317922553"
    },
    {
      "type": "Feature",
      "properties": {
        "@id": "way/1317922560",
        "amenity": "parking"
      },
      "geometry": {
        "type": "Polygon",
        "coordinates": [
          [
            [
              11.0262663,
              45.8934122
            ],
            [
              11.0262515,
              45.8933669
            ],
            [
              11.0266773,
              45.893266
            ],
            [
              11.0266996,
              45.8933119
            ],
            [
              11.0266168,
              45.8933323
            ],
            [
              11.0262663,
              45.8934122
            ]
          ]
        ]
      },
      "id": "way/1317922560"
    },
    {
      "type": "Feature",
      "properties": {
        "@id": "way/1317922561",
        "amenity": "parking"
      },
      "geometry": {
        "type": "Polygon",
        "coordinates": [
          [
            [
              11.0266714,
              45.8928894
            ],
            [
              11.026729,
              45.8928752
            ],
            [
              11.026867,
              45.8931616
            ],
            [
              11.0268104,
              45.8931758
            ],
            [
              11.0266714,
              45.8928894
            ]
          ]
        ]
      },
      "id": "way/1317922561"
    },
    {
      "type": "Feature",
      "properties": {
        "@id": "way/1317922571",
        "access": "customers",
        "amenity": "parking"
      },
      "geometry": {
        "type": "Polygon",
        "coordinates": [
          [
            [
              11.0270619,
              45.8932271
            ],
            [
              11.02719,
              45.8931969
            ],
            [
              11.0272916,
              45.8933483
            ],
            [
              11.0271399,
              45.8933825
            ],
            [
              11.0270619,
              45.8932271
            ]
          ]
        ]
      },
      "id": "way/1317922571"
    },
    {
      "type": "Feature",
      "properties": {
        "@id": "way/1317922573",
        "amenity": "parking"
      },
      "geometry": {
        "type": "Polygon",
        "coordinates": [
          [
            [
              11.0257,
              45.8948763
            ],
            [
              11.0254328,
              45.894362
            ],
            [
              11.0254666,
              45.8943536
            ],
            [
              11.0257301,
              45.8948678
            ],
            [
              11.0257,
              45.8948763
            ]
          ]
        ]
      },
      "id": "way/1317922573"
    },
    {
      "type": "Feature",
      "properties": {
        "@id": "way/1317922574",
        "amenity": "parking"
      },
      "geometry": {
        "type": "Polygon",
        "coordinates": [
          [
            [
              11.0263709,
              45.8941064
            ],
            [
              11.0271879,
              45.8939137
            ],
            [
              11.0272677,
              45.8938656
            ],
            [
              11.0273024,
              45.8939343
            ],
            [
              11.0263856,
              45.8941473
            ],
            [
              11.0263709,
              45.8941064
            ]
          ]
        ]
      },
      "id": "way/1317922574"
    },
    {
      "type": "Feature",
      "properties": {
        "@id": "way/1317927680",
        "amenity": "parking"
      },
      "geometry": {
        "type": "Polygon",
        "coordinates": [
          [
            [
              11.0283283,
              45.8962633
            ],
            [
              11.0283283,
              45.8962135
            ],
            [
              11.0283835,
              45.8962208
            ],
            [
              11.0284337,
              45.896227
            ],
            [
              11.0285036,
              45.8962294
            ],
            [
              11.0285484,
              45.8962309
            ],
            [
              11.0285857,
              45.8962275
            ],
            [
              11.0287242,
              45.8962259
            ],
            [
              11.0287658,
              45.8962342
            ],
            [
              11.0287638,
              45.8962402
            ],
            [
              11.0287633,
              45.8962694
            ],
            [
              11.0283283,
              45.8962633
            ]
          ]
        ]
      },
      "id": "way/1317927680"
    },
    {
      "type": "Feature",
      "properties": {
        "@id": "way/1317942089",
        "amenity": "parking"
      },
      "geometry": {
        "type": "Polygon",
        "coordinates": [
          [
            [
              11.0298626,
              45.8949102
            ],
            [
              11.0299464,
              45.8949024
            ],
            [
              11.0299623,
              45.8949857
            ],
            [
              11.0300806,
              45.8949736
            ],
            [
              11.0300947,
              45.8950401
            ],
            [
              11.0298933,
              45.8950607
            ],
            [
              11.0298626,
              45.8949102
            ]
          ]
        ]
      },
      "id": "way/1317942089"
    },
    {
      "type": "Feature",
      "properties": {
        "@id": "way/1318351768",
        "amenity": "parking"
      },
      "geometry": {
        "type": "Polygon",
        "coordinates": [
          [
            [
              11.0215735,
              45.8899012
            ],
            [
              11.0217527,
              45.8898586
            ],
            [
              11.0218747,
              45.8900447
            ],
            [
              11.0217247,
              45.8900742
            ],
            [
              11.0216944,
              45.8900815
            ],
            [
              11.0215735,
              45.8899012
            ]
          ]
        ]
      },
      "id": "way/1318351768"
    },
    {
      "type": "Feature",
      "properties": {
        "@id": "way/1318478802",
        "amenity": "parking"
      },
      "geometry": {
        "type": "Polygon",
        "coordinates": [
          [
            [
              11.0234428,
              45.8865733
            ],
            [
              11.0234285,
              45.8865161
            ],
            [
              11.0238809,
              45.8864549
            ],
            [
              11.0238947,
              45.8865103
            ],
            [
              11.0234428,
              45.8865733
            ]
          ]
        ]
      },
      "id": "way/1318478802"
    },
    {
      "type": "Feature",
      "properties": {
        "@id": "way/1318478806",
        "amenity": "parking"
      },
      "geometry": {
        "type": "Polygon",
        "coordinates": [
          [
            [
              11.023424,
              45.8866307
            ],
            [
              11.0237103,
              45.8865915
            ],
            [
              11.0237244,
              45.8866428
            ],
            [
              11.0234367,
              45.8866825
            ],
            [
              11.023424,
              45.8866307
            ]
          ]
        ]
      },
      "id": "way/1318478806"
    },
    {
      "type": "Feature",
      "properties": {
        "@id": "way/1318478822",
        "amenity": "parking",
        "parking": "street_side"
      },
      "geometry": {
        "type": "Polygon",
        "coordinates": [
          [
            [
              11.0234044,
              45.8872779
            ],
            [
              11.0234778,
              45.887261
            ],
            [
              11.0235083,
              45.8873038
            ],
            [
              11.0234375,
              45.8873201
            ],
            [
              11.0234044,
              45.8872779
            ]
          ]
        ]
      },
      "id": "way/1318478822"
    },
    {
      "type": "Feature",
      "properties": {
        "@id": "way/1318499064",
        "amenity": "parking",
        "parking": "street_side"
      },
      "geometry": {
        "type": "Polygon",
        "coordinates": [
          [
            [
              11.0312971,
              45.8933815
            ],
            [
              11.0313158,
              45.8933667
            ],
            [
              11.0318861,
              45.8937175
            ],
            [
              11.0318671,
              45.8937314
            ],
            [
              11.0312971,
              45.8933815
            ]
          ]
        ]
      },
      "id": "way/1318499064"
    },
    {
      "type": "Feature",
      "properties": {
        "@id": "way/1318499069",
        "amenity": "parking",
        "parking": "street_side"
      },
      "geometry": {
        "type": "Polygon",
        "coordinates": [
          [
            [
              11.0322651,
              45.8939536
            ],
            [
              11.0324053,
              45.8940425
            ],
            [
              11.0323855,
              45.8940569
            ],
            [
              11.0322448,
              45.8939688
            ],
            [
              11.0322651,
              45.8939536
            ]
          ]
        ]
      },
      "id": "way/1318499069"
    },
    {
      "type": "Feature",
      "properties": {
        "@id": "way/1318499083",
        "amenity": "parking",
        "parking": "street_side"
      },
      "geometry": {
        "type": "Polygon",
        "coordinates": [
          [
            [
              11.0294711,
              45.8954335
            ],
            [
              11.0295042,
              45.8954284
            ],
            [
              11.0295805,
              45.8957511
            ],
            [
              11.0295484,
              45.895755
            ],
            [
              11.0294711,
              45.8954335
            ]
          ]
        ]
      },
      "id": "way/1318499083"
    },
    {
      "type": "Feature",
      "properties": {
        "@id": "way/1318499092",
        "amenity": "parking",
        "orientation": "parallel",
        "parking": "street_side"
      },
      "geometry": {
        "type": "Polygon",
        "coordinates": [
          [
            [
              11.0292022,
              45.8958257
            ],
            [
              11.0292016,
              45.8958101
            ],
            [
              11.0295144,
              45.8958006
            ],
            [
              11.0295156,
              45.8958178
            ],
            [
              11.0292022,
              45.8958257
            ]
          ]
        ]
      },
      "id": "way/1318499092"
    },
    {
      "type": "Feature",
      "properties": {
        "@id": "way/1318499096",
        "access": "yes",
        "amenity": "parking",
        "orientation": "parallel",
        "parking": "street_side",
        "surface": "asphalt"
      },
      "geometry": {
        "type": "Polygon",
        "coordinates": [
          [
            [
              11.0289098,
              45.8953906
            ],
            [
              11.0292812,
              45.8952739
            ],
            [
              11.029292,
              45.8952912
            ],
            [
              11.0289206,
              45.8954065
            ],
            [
              11.0289098,
              45.8953906
            ]
          ]
        ]
      },
      "id": "way/1318499096"
    },
    {
      "type": "Feature",
      "properties": {
        "@id": "way/1318499104",
        "access": "yes",
        "amenity": "parking",
        "fee": "no",
        "orientation": "parallel",
        "parking": "street_side",
        "surface": "asphalt"
      },
      "geometry": {
        "type": "Polygon",
        "coordinates": [
          [
            [
              11.0310491,
              45.8959026
            ],
            [
              11.0316506,
              45.8957257
            ],
            [
              11.0316614,
              45.8957451
            ],
            [
              11.0310596,
              45.8959227
            ],
            [
              11.0310491,
              45.8959026
            ]
          ]
        ]
      },
      "id": "way/1318499104"
    },
    {
      "type": "Feature",
      "properties": {
        "@id": "way/1318499111",
        "access": "yes",
        "amenity": "parking",
        "fee": "no",
        "orientation": "parallel",
        "parking": "street_side",
        "surface": "asphalt"
      },
      "geometry": {
        "type": "Polygon",
        "coordinates": [
          [
            [
              11.0322281,
              45.8953753
            ],
            [
              11.0324928,
              45.8950896
            ],
            [
              11.0325161,
              45.8950987
            ],
            [
              11.0322507,
              45.8953834
            ],
            [
              11.0322281,
              45.8953753
            ]
          ]
        ]
      },
      "id": "way/1318499111"
    },
    {
      "type": "Feature",
      "properties": {
        "@id": "way/1318964278",
        "amenity": "parking"
      },
      "geometry": {
        "type": "Polygon",
        "coordinates": [
          [
            [
              11.0287941,
              45.8946557
            ],
            [
              11.028864,
              45.8946341
            ],
            [
              11.029056,
              45.8949334
            ],
            [
              11.028987,
              45.8949525
            ],
            [
              11.0287941,
              45.8946557
            ]
          ]
        ]
      },
      "id": "way/1318964278"
    },
    {
      "type": "Feature",
      "properties": {
        "@id": "way/1318964279",
        "amenity": "parking"
      },
      "geometry": {
        "type": "Polygon",
        "coordinates": [
          [
            [
              11.0289251,
              45.8946169
            ],
            [
              11.028995,
              45.8945953
            ],
            [
              11.029187,
              45.8948946
            ],
            [
              11.029118,
              45.8949137
            ],
            [
              11.0289251,
              45.8946169
            ]
          ]
        ]
      },
      "id": "way/1318964279"
    },
    {
      "type": "Feature",
      "properties": {
        "@id": "way/1319212000",
        "amenity": "parking"
      },
      "geometry": {
        "type": "Polygon",
        "coordinates": [
          [
            [
              11.0274666,
              45.8946936
            ],
            [
              11.0276517,
              45.8946538
            ],
            [
              11.0276715,
              45.8946969
            ],
            [
              11.0274882,
              45.8947359
            ],
            [
              11.0274666,
              45.8946936
            ]
          ]
        ]
      },
      "id": "way/1319212000"
    },
    {
      "type": "Feature",
      "properties": {
        "@id": "way/1319212016",
        "amenity": "parking",
        "parking": "surface"
      },
      "geometry": {
        "type": "Polygon",
        "coordinates": [
          [
            [
              11.0278373,
              45.8945296
            ],
            [
              11.0279858,
              45.8944968
            ],
            [
              11.0280605,
              45.8944819
            ],
            [
              11.0280778,
              45.894507
            ],
            [
              11.0278496,
              45.8945549
            ],
            [
              11.0278373,
              45.8945296
            ]
          ]
        ]
      },
      "id": "way/1319212016"
    },
    {
      "type": "Feature",
      "properties": {
        "@id": "way/1319292934",
        "amenity": "parking"
      },
      "geometry": {
        "type": "Polygon",
        "coordinates": [
          [
            [
              11.0239859,
              45.8895566
            ],
            [
              11.0240053,
              45.8896041
            ],
            [
              11.0239306,
              45.8896197
            ],
            [
              11.0239101,
              45.8895704
            ],
            [
              11.0239859,
              45.8895566
            ]
          ]
        ]
      },
      "id": "way/1319292934"
    },
    {
      "type": "Feature",
      "properties": {
        "@id": "way/1319292935",
        "amenity": "parking"
      },
      "geometry": {
        "type": "Polygon",
        "coordinates": [
          [
            [
              11.024111,
              45.8894816
            ],
            [
              11.0241501,
              45.8895742
            ],
            [
              11.0240873,
              45.8895871
            ],
            [
              11.0240496,
              45.8894942
            ],
            [
              11.024111,
              45.8894816
            ]
          ]
        ]
      },
      "id": "way/1319292935"
    },
    {
      "type": "Feature",
      "properties": {
        "@id": "way/1319292941",
        "amenity": "parking"
      },
      "geometry": {
        "type": "Polygon",
        "coordinates": [
          [
            [
              11.0244473,
              45.8889873
            ],
            [
              11.0244725,
              45.8889794
            ],
            [
              11.0245671,
              45.889127
            ],
            [
              11.0245079,
              45.8891433
            ],
            [
              11.0244622,
              45.8890772
            ],
            [
              11.0244977,
              45.8890644
            ],
            [
              11.0244473,
              45.8889873
            ]
          ]
        ]
      },
      "id": "way/1319292941"
    },
    {
      "type": "Feature",
      "properties": {
        "@id": "way/1321845295",
        "access": "private",
        "amenity": "parking",
        "landuse": "grass"
      },
      "geometry": {
        "type": "Polygon",
        "coordinates": [
          [
            [
              11.0135304,
              45.841967
            ],
            [
              11.013694,
              45.8419357
            ],
            [
              11.0138161,
              45.8421809
            ],
            [
              11.0135834,
              45.8422075
            ],
            [
              11.0135304,
              45.841967
            ]
          ]
        ]
      },
      "id": "way/1321845295"
    },
    {
      "type": "Feature",
      "properties": {
        "@id": "way/1336908676",
        "access": "private",
        "amenity": "parking",
        "fee": "no"
      },
      "geometry": {
        "type": "Polygon",
        "coordinates": [
          [
            [
              11.0270048,
              45.8923487
            ],
            [
              11.027034,
              45.8924024
            ],
            [
              11.0269192,
              45.8924305
            ],
            [
              11.0268915,
              45.8923773
            ],
            [
              11.0270048,
              45.8923487
            ]
          ]
        ]
      },
      "id": "way/1336908676"
    },
    {
      "type": "Feature",
      "properties": {
        "@id": "way/1340871053",
        "access": "yes",
        "amenity": "parking",
        "fee": "yes",
        "parking": "street_side"
      },
      "geometry": {
        "type": "Polygon",
        "coordinates": [
          [
            [
              11.0371993,
              45.8894509
            ],
            [
              11.0372099,
              45.8894298
            ],
            [
              11.0380639,
              45.8896102
            ],
            [
              11.038054,
              45.8896313
            ],
            [
              11.0371993,
              45.8894509
            ]
          ]
        ]
      },
      "id": "way/1340871053"
    },
    {
      "type": "Feature",
      "properties": {
        "@id": "way/1340871054",
        "access": "yes",
        "amenity": "parking",
        "fee": "yes",
        "parking": "street_side"
      },
      "geometry": {
        "type": "Polygon",
        "coordinates": [
          [
            [
              11.0380639,
              45.8896102
            ],
            [
              11.0381144,
              45.889624
            ],
            [
              11.0381515,
              45.8896381
            ],
            [
              11.0381875,
              45.8896527
            ],
            [
              11.0381721,
              45.8896699
            ],
            [
              11.03814,
              45.8896559
            ],
            [
              11.0381071,
              45.8896447
            ],
            [
              11.038054,
              45.8896313
            ],
            [
              11.0380639,
              45.8896102
            ]
          ]
        ]
      },
      "id": "way/1340871054"
    },
    {
      "type": "Feature",
      "properties": {
        "@id": "way/1340871055",
        "access": "yes",
        "amenity": "parking",
        "fee": "yes",
        "parking": "street_side"
      },
      "geometry": {
        "type": "Polygon",
        "coordinates": [
          [
            [
              11.0372267,
              45.8893689
            ],
            [
              11.0373671,
              45.8894022
            ],
            [
              11.037808,
              45.889496
            ],
            [
              11.0380829,
              45.889553
            ],
            [
              11.0381491,
              45.8895679
            ],
            [
              11.0381977,
              45.8895814
            ],
            [
              11.0382424,
              45.8896007
            ],
            [
              11.0382211,
              45.8896171
            ],
            [
              11.0381752,
              45.8895965
            ],
            [
              11.0381113,
              45.8895806
            ],
            [
              11.0375696,
              45.8894648
            ],
            [
              11.0373291,
              45.8894142
            ],
            [
              11.0372179,
              45.8893874
            ],
            [
              11.0372267,
              45.8893689
            ]
          ]
        ]
      },
      "id": "way/1340871055"
    },
    {
      "type": "Feature",
      "properties": {
        "@id": "way/1340871056",
        "access": "yes",
        "amenity": "parking",
        "parking": "street_side"
      },
      "geometry": {
        "type": "Polygon",
        "coordinates": [
          [
            [
              11.0375663,
              45.8900159
            ],
            [
              11.0375694,
              45.8903815
            ],
            [
              11.0375401,
              45.890381
            ],
            [
              11.0375363,
              45.8900153
            ],
            [
              11.0375663,
              45.8900159
            ]
          ]
        ]
      },
      "id": "way/1340871056"
    },
    {
      "type": "Feature",
      "properties": {
        "@id": "way/1353219806",
        "amenity": "parking"
      },
      "geometry": {
        "type": "Polygon",
        "coordinates": [
          [
            [
              11.0056378,
              45.8605614
            ],
            [
              11.0062535,
              45.8604694
            ],
            [
              11.0062623,
              45.8605043
            ],
            [
              11.0062672,
              45.8605237
            ],
            [
              11.0056523,
              45.8606157
            ],
            [
              11.0056378,
              45.8605614
            ]
          ]
        ]
      },
      "id": "way/1353219806"
    },
    {
      "type": "Feature",
      "properties": {
        "@id": "way/1353219809",
        "amenity": "parking"
      },
      "geometry": {
        "type": "Polygon",
        "coordinates": [
          [
            [
              11.0054582,
              45.8608097
            ],
            [
              11.0055069,
              45.8607262
            ],
            [
              11.0055384,
              45.8606568
            ],
            [
              11.0055491,
              45.8606135
            ],
            [
              11.005613,
              45.8606225
            ],
            [
              11.005602,
              45.860654
            ],
            [
              11.0055904,
              45.8606935
            ],
            [
              11.0055758,
              45.8607286
            ],
            [
              11.0055623,
              45.8607613
            ],
            [
              11.0055457,
              45.8607919
            ],
            [
              11.0055234,
              45.8608316
            ],
            [
              11.0054582,
              45.8608097
            ]
          ]
        ]
      },
      "id": "way/1353219809"
    },
    {
      "type": "Feature",
      "properties": {
        "@id": "way/1353219816",
        "amenity": "parking"
      },
      "geometry": {
        "type": "Polygon",
        "coordinates": [
          [
            [
              11.0056495,
              45.8609421
            ],
            [
              11.0056039,
              45.8609104
            ],
            [
              11.0056576,
              45.8608739
            ],
            [
              11.0056335,
              45.8608599
            ],
            [
              11.0056844,
              45.8608272
            ],
            [
              11.005663,
              45.8608114
            ],
            [
              11.0059312,
              45.8606255
            ],
            [
              11.0059508,
              45.8606395
            ],
            [
              11.0059982,
              45.8606106
            ],
            [
              11.0060216,
              45.8606283
            ],
            [
              11.0060469,
              45.8606129
            ],
            [
              11.0060653,
              45.8606283
            ],
            [
              11.0061149,
              45.8605975
            ],
            [
              11.0061364,
              45.8606134
            ],
            [
              11.0056495,
              45.8609421
            ]
          ]
        ]
      },
      "id": "way/1353219816"
    },
    {
      "type": "Feature",
      "properties": {
        "@id": "way/1357844213",
        "amenity": "parking"
      },
      "geometry": {
        "type": "Polygon",
        "coordinates": [
          [
            [
              11.0409497,
              45.9067551
            ],
            [
              11.0410205,
              45.9067329
            ],
            [
              11.0410762,
              45.906816
            ],
            [
              11.0410037,
              45.9068394
            ],
            [
              11.0409497,
              45.9067551
            ]
          ]
        ]
      },
      "id": "way/1357844213"
    },
    {
      "type": "Feature",
      "properties": {
        "@id": "way/1357844217",
        "amenity": "parking"
      },
      "geometry": {
        "type": "Polygon",
        "coordinates": [
          [
            [
              11.0411308,
              45.9041423
            ],
            [
              11.0411918,
              45.904148
            ],
            [
              11.0411684,
              45.9042802
            ],
            [
              11.0411075,
              45.904276
            ],
            [
              11.0411308,
              45.9041423
            ]
          ]
        ]
      },
      "id": "way/1357844217"
    },
    {
      "type": "Feature",
      "properties": {
        "@id": "way/1376387199",
        "access": "private",
        "amenity": "parking",
        "operator": "Trentino Sviluppo SpA",
        "parking": "surface"
      },
      "geometry": {
        "type": "Polygon",
        "coordinates": [
          [
            [
              11.0281084,
              45.8916291
            ],
            [
              11.0288019,
              45.8915741
            ],
            [
              11.028806,
              45.8915856
            ],
            [
              11.0288306,
              45.8915834
            ],
            [
              11.0288808,
              45.8916656
            ],
            [
              11.0282973,
              45.8918312
            ],
            [
              11.028269,
              45.8917798
            ],
            [
              11.0282572,
              45.8917624
            ],
            [
              11.0282469,
              45.8917471
            ],
            [
              11.0282251,
              45.8917238
            ],
            [
              11.0282004,
              45.8917304
            ],
            [
              11.0281703,
              45.8917278
            ],
            [
              11.028146,
              45.8917126
            ],
            [
              11.0281303,
              45.8916969
            ],
            [
              11.0281189,
              45.8916678
            ],
            [
              11.0281084,
              45.8916291
            ]
          ]
        ]
      },
      "id": "way/1376387199"
    },
    {
      "type": "Feature",
      "properties": {
        "@id": "way/1390498622",
        "access": "private",
        "amenity": "parking"
      },
      "geometry": {
        "type": "Polygon",
        "coordinates": [
          [
            [
              11.0289488,
              45.8750508
            ],
            [
              11.0288971,
              45.8750816
            ],
            [
              11.0288281,
              45.8750223
            ],
            [
              11.0288784,
              45.8749929
            ],
            [
              11.0289488,
              45.8750508
            ]
          ]
        ]
      },
      "id": "way/1390498622"
    },
    {
      "type": "Feature",
      "properties": {
        "@id": "way/1390506242",
        "access": "private",
        "amenity": "parking"
      },
      "geometry": {
        "type": "Polygon",
        "coordinates": [
          [
            [
              11.0300987,
              45.8740682
            ],
            [
              11.0300651,
              45.8740294
            ],
            [
              11.0301597,
              45.8739931
            ],
            [
              11.0302029,
              45.873979
            ],
            [
              11.0304001,
              45.8742303
            ],
            [
              11.030326,
              45.8742541
            ],
            [
              11.0302933,
              45.8742093
            ],
            [
              11.0302818,
              45.8741902
            ],
            [
              11.030219,
              45.8742148
            ],
            [
              11.0300987,
              45.8740682
            ]
          ]
        ]
      },
      "id": "way/1390506242"
    },
    {
      "type": "Feature",
      "properties": {
        "@id": "way/1390506245",
        "amenity": "parking",
        "orientation": "parallel",
        "parking": "street_side",
        "surface": "asphalt"
      },
      "geometry": {
        "type": "Polygon",
        "coordinates": [
          [
            [
              11.0303914,
              45.8746086
            ],
            [
              11.030418,
              45.8745966
            ],
            [
              11.0305684,
              45.8747235
            ],
            [
              11.030544,
              45.8747379
            ],
            [
              11.0303914,
              45.8746086
            ]
          ]
        ]
      },
      "id": "way/1390506245"
    },
    {
      "type": "Feature",
      "properties": {
        "@id": "way/1390506247",
        "amenity": "parking",
        "orientation": "parallel",
        "parking": "street_side",
        "surface": "asphalt"
      },
      "geometry": {
        "type": "Polygon",
        "coordinates": [
          [
            [
              11.0305772,
              45.8747647
            ],
            [
              11.0306011,
              45.8747521
            ],
            [
              11.0307561,
              45.8748827
            ],
            [
              11.0307363,
              45.8748954
            ],
            [
              11.0305772,
              45.8747647
            ]
          ]
        ]
      },
      "id": "way/1390506247"
    },
    {
      "type": "Feature",
      "properties": {
        "@id": "way/1390506250",
        "amenity": "parking",
        "orientation": "parallel",
        "parking": "street_side"
      },
      "geometry": {
        "type": "Polygon",
        "coordinates": [
          [
            [
              11.0311314,
              45.8752008
            ],
            [
              11.0311066,
              45.8752155
            ],
            [
              11.0308749,
              45.8750096
            ],
            [
              11.0308923,
              45.8749967
            ],
            [
              11.0311314,
              45.8752008
            ]
          ]
        ]
      },
      "id": "way/1390506250"
    },
    {
      "type": "Feature",
      "properties": {
        "@id": "way/1390506253",
        "amenity": "parking",
        "orientation": "parallel",
        "parking": "street_side"
      },
      "geometry": {
        "type": "Polygon",
        "coordinates": [
          [
            [
              11.0312681,
              45.8753546
            ],
            [
              11.0312925,
              45.8753386
            ],
            [
              11.0313199,
              45.8753599
            ],
            [
              11.0313718,
              45.8754101
            ],
            [
              11.0314175,
              45.8754604
            ],
            [
              11.0314637,
              45.8755166
            ],
            [
              11.0314363,
              45.8755286
            ],
            [
              11.0314083,
              45.875494
            ],
            [
              11.0313611,
              45.8754391
            ],
            [
              11.0313209,
              45.875399
            ],
            [
              11.0312681,
              45.8753546
            ]
          ]
        ]
      },
      "id": "way/1390506253"
    },
    {
      "type": "Feature",
      "properties": {
        "@id": "way/1390506264",
        "amenity": "parking",
        "orientation": "parallel",
        "parking": "street_side"
      },
      "geometry": {
        "type": "Polygon",
        "coordinates": [
          [
            [
              11.0314642,
              45.8755704
            ],
            [
              11.0314932,
              45.8755612
            ],
            [
              11.0315165,
              45.875597
            ],
            [
              11.0316104,
              45.8757698
            ],
            [
              11.0315829,
              45.8757777
            ],
            [
              11.0314642,
              45.8755704
            ]
          ]
        ]
      },
      "id": "way/1390506264"
    },
    {
      "type": "Feature",
      "properties": {
        "@id": "way/1390674047",
        "amenity": "parking",
        "fee": "no",
        "name": "Parcheggio Ospedale Santa Maria del Carmine",
        "operator:type": "public",
        "parking": "surface",
        "surface": "paved"
      },
      "geometry": {
        "type": "Polygon",
        "coordinates": [
          [
            [
              11.0403693,
              45.8809702
            ],
            [
              11.0402352,
              45.8807601
            ],
            [
              11.0402415,
              45.8807584
            ],
            [
              11.0402893,
              45.8807438
            ],
            [
              11.0402297,
              45.880655
            ],
            [
              11.0401976,
              45.8806073
            ],
            [
              11.0401692,
              45.8805649
            ],
            [
              11.0405019,
              45.8804372
            ],
            [
              11.0407734,
              45.8808567
            ],
            [
              11.0406776,
              45.8808897
            ],
            [
              11.0406322,
              45.8809093
            ],
            [
              11.0405903,
              45.8809274
            ],
            [
              11.0405457,
              45.8809467
            ],
            [
              11.0404262,
              45.8809561
            ],
            [
              11.0403693,
              45.8809702
            ]
          ]
        ]
      },
      "id": "way/1390674047"
    },
    {
      "type": "Feature",
      "properties": {
        "@id": "way/1420019519",
        "access": "customers",
        "amenity": "parking",
        "fee": "no",
        "parking": "surface",
        "surface": "gravel"
      },
      "geometry": {
        "type": "Polygon",
        "coordinates": [
          [
            [
              11.0516131,
              45.8986831
            ],
            [
              11.0517392,
              45.8986635
            ],
            [
              11.051829,
              45.8989537
            ],
            [
              11.0516855,
              45.8989854
            ],
            [
              11.0516131,
              45.8986831
            ]
          ]
        ]
      },
      "id": "way/1420019519"
    },
    {
      "type": "Feature",
      "properties": {
        "@id": "way/1425001460",
        "amenity": "parking"
      },
      "geometry": {
        "type": "Polygon",
        "coordinates": [
          [
            [
              11.0424348,
              45.8939727
            ],
            [
              11.0424401,
              45.8939265
            ],
            [
              11.0426375,
              45.8939388
            ],
            [
              11.0426286,
              45.8939844
            ],
            [
              11.0424348,
              45.8939727
            ]
          ]
        ]
      },
      "id": "way/1425001460"
    },
    {
      "type": "Feature",
      "properties": {
        "@id": "way/1425001461",
        "amenity": "parking"
      },
      "geometry": {
        "type": "Polygon",
        "coordinates": [
          [
            [
              11.042441,
              45.893913
            ],
            [
              11.0424481,
              45.8938649
            ],
            [
              11.0426516,
              45.8938773
            ],
            [
              11.0426412,
              45.8939253
            ],
            [
              11.042441,
              45.893913
            ]
          ]
        ]
      },
      "id": "way/1425001461"
    },
    {
      "type": "Feature",
      "properties": {
        "@id": "way/1425001463",
        "amenity": "parking"
      },
      "geometry": {
        "type": "Polygon",
        "coordinates": [
          [
            [
              11.0422846,
              45.8940504
            ],
            [
              11.0426556,
              45.8940447
            ],
            [
              11.0426535,
              45.89409
            ],
            [
              11.0422846,
              45.8940963
            ],
            [
              11.0422846,
              45.8940504
            ]
          ]
        ]
      },
      "id": "way/1425001463"
    },
    {
      "type": "Feature",
      "properties": {
        "@id": "way/1436218006",
        "amenity": "parking",
        "capacity:disabled": "3",
        "fee": "yes",
        "parking": "lane",
        "surface": "asphalt"
      },
      "geometry": {
        "type": "Polygon",
        "coordinates": [
          [
            [
              11.0431061,
              45.888806
            ],
            [
              11.042442,
              45.8891108
            ],
            [
              11.0424288,
              45.8890838
            ],
            [
              11.0430891,
              45.8887888
            ],
            [
              11.0431061,
              45.888806
            ]
          ]
        ]
      },
      "id": "way/1436218006"
    },
    {
      "type": "Feature",
      "properties": {
        "@id": "way/1436218271",
        "amenity": "parking",
        "capacity:disabled": "1",
        "covered": "no",
        "fee": "no",
        "parking": "lane",
        "surface": "asphalt"
      },
      "geometry": {
        "type": "Polygon",
        "coordinates": [
          [
            [
              11.0424121,
              45.8891295
            ],
            [
              11.0423096,
              45.8891794
            ],
            [
              11.0422864,
              45.889149
            ],
            [
              11.0423941,
              45.8890928
            ],
            [
              11.0424121,
              45.8891295
            ]
          ]
        ]
      },
      "id": "way/1436218271"
    },
    {
      "type": "Feature",
      "properties": {
        "@id": "way/1448489523",
        "access": "customers",
        "amenity": "parking",
        "fee": "no",
        "parking": "surface",
        "surface": "asphalt"
      },
      "geometry": {
        "type": "Polygon",
        "coordinates": [
          [
            [
              11.0336582,
              45.8891938
            ],
            [
              11.0335857,
              45.8887855
            ],
            [
              11.0336344,
              45.8887787
            ],
            [
              11.03371,
              45.8891885
            ],
            [
              11.0336582,
              45.8891938
            ]
          ]
        ]
      },
      "id": "way/1448489523"
    },
    {
      "type": "Feature",
      "properties": {
        "@id": "way/1448490147",
        "amenity": "parking",
        "fee": "no",
        "surface": "asphalt"
      },
      "geometry": {
        "type": "Polygon",
        "coordinates": [
          [
            [
              11.062555,
              45.8873669
            ],
            [
              11.0625955,
              45.8872737
            ],
            [
              11.0627576,
              45.887318
            ],
            [
              11.0627957,
              45.8873237
            ],
            [
              11.0627837,
              45.8873987
            ],
            [
              11.0626347,
              45.8873822
            ],
            [
              11.062555,
              45.8873669
            ]
          ]
        ]
      },
      "id": "way/1448490147"
    },
    {
      "type": "Feature",
      "properties": {
        "@id": "way/1456434028",
        "amenity": "parking"
      },
      "geometry": {
        "type": "Polygon",
        "coordinates": [
          [
            [
              11.0333113,
              45.8873448
            ],
            [
              11.0337096,
              45.887276
            ],
            [
              11.0337258,
              45.8873215
            ],
            [
              11.0333275,
              45.8873903
            ],
            [
              11.0333113,
              45.8873448
            ]
          ]
        ]
      },
      "id": "way/1456434028"
    },
    {
      "type": "Feature",
      "properties": {
        "@id": "way/1456434029",
        "amenity": "parking"
      },
      "geometry": {
        "type": "Polygon",
        "coordinates": [
          [
            [
              11.0334291,
              45.8867382
            ],
            [
              11.0334364,
              45.8867694
            ],
            [
              11.0333164,
              45.8867928
            ],
            [
              11.0332735,
              45.8868119
            ],
            [
              11.033252,
              45.8868688
            ],
            [
              11.0332507,
              45.8869351
            ],
            [
              11.0332158,
              45.8869347
            ],
            [
              11.0332151,
              45.8869151
            ],
            [
              11.0332158,
              45.8868618
            ],
            [
              11.0332212,
              45.8868189
            ],
            [
              11.0332406,
              45.8867881
            ],
            [
              11.0332705,
              45.8867694
            ],
            [
              11.0333164,
              45.8867559
            ],
            [
              11.0334291,
              45.8867382
            ]
          ]
        ]
      },
      "id": "way/1456434029"
    },
    {
      "type": "Feature",
      "properties": {
        "@id": "way/1484096152",
        "amenity": "parking",
        "parking": "street_side"
      },
      "geometry": {
        "type": "Polygon",
        "coordinates": [
          [
            [
              11.0352601,
              45.8935833
            ],
            [
              11.0356041,
              45.8934536
            ],
            [
              11.0356305,
              45.8934888
            ],
            [
              11.0352832,
              45.8936198
            ],
            [
              11.0352601,
              45.8935833
            ]
          ]
        ]
      },
      "id": "way/1484096152"
    },
    {
      "type": "Feature",
      "properties": {
        "@id": "way/1484096156",
        "amenity": "parking"
      },
      "geometry": {
        "type": "Polygon",
        "coordinates": [
          [
            [
              11.0355989,
              45.8922807
            ],
            [
              11.0355971,
              45.8921964
            ],
            [
              11.0355971,
              45.8920757
            ],
            [
              11.0355944,
              45.891992
            ],
            [
              11.0361158,
              45.8919891
            ],
            [
              11.0361852,
              45.891989
            ],
            [
              11.0361886,
              45.8922788
            ],
            [
              11.0355989,
              45.8922807
            ]
          ]
        ]
      },
      "id": "way/1484096156"
    },
    {
      "type": "Feature",
      "properties": {
        "@id": "way/1486219940",
        "access": "yes",
        "amenity": "parking",
        "fee": "yes",
        "name": "Parcheggio Ex Bimac",
        "parking": "underground"
      },
      "geometry": {
        "type": "Polygon",
        "coordinates": [
          [
            [
              11.0420584,
              45.8857211
            ],
            [
              11.042112,
              45.8856515
            ],
            [
              11.0421898,
              45.8856814
            ],
            [
              11.0422582,
              45.8855876
            ],
            [
              11.0423387,
              45.8855278
            ],
            [
              11.0423977,
              45.8855754
            ],
            [
              11.042509,
              45.8855988
            ],
            [
              11.0425968,
              45.8856422
            ],
            [
              11.0424547,
              45.885771
            ],
            [
              11.0424815,
              45.8858028
            ],
            [
              11.0423005,
              45.8859708
            ],
            [
              11.0420617,
              45.8858653
            ],
            [
              11.0420859,
              45.8858401
            ],
            [
              11.0421181,
              45.885855
            ],
            [
              11.0421704,
              45.885856
            ],
            [
              11.0422106,
              45.885828
            ],
            [
              11.0422106,
              45.8857906
            ],
            [
              11.0421757,
              45.8857664
            ],
            [
              11.0421275,
              45.8857659
            ],
            [
              11.042043,
              45.8857421
            ],
            [
              11.0420584,
              45.8857211
            ]
          ]
        ]
      },
      "id": "way/1486219940"
    },
    {
      "type": "Feature",
      "properties": {
        "@id": "way/1495872038",
        "amenity": "parking"
      },
      "geometry": {
        "type": "Polygon",
        "coordinates": [
          [
            [
              11.0028183,
              45.8546826
            ],
            [
              11.0042457,
              45.8546994
            ],
            [
              11.0044535,
              45.8550777
            ],
            [
              11.0043446,
              45.855105
            ],
            [
              11.0045099,
              45.8554327
            ],
            [
              11.0045167,
              45.8555329
            ],
            [
              11.0044922,
              45.8555322
            ],
            [
              11.0044204,
              45.8555318
            ],
            [
              11.0027998,
              45.8555221
            ],
            [
              11.002689,
              45.855522
            ],
            [
              11.0027025,
              45.8547342
            ],
            [
              11.0028183,
              45.8546826
            ]
          ]
        ]
      },
      "id": "way/1495872038"
    },
    {
      "type": "Feature",
      "properties": {
        "@id": "way/1507678837",
        "access": "yes",
        "amenity": "parking",
        "fee": "no",
        "orientation": "parallel",
        "parking": "street_side"
      },
      "geometry": {
        "type": "Polygon",
        "coordinates": [
          [
            [
              11.0280717,
              45.8942482
            ],
            [
              11.0280393,
              45.894259
            ],
            [
              11.0278283,
              45.8939543
            ],
            [
              11.0278608,
              45.8939434
            ],
            [
              11.0280717,
              45.8942482
            ]
          ]
        ]
      },
      "id": "way/1507678837"
    },
    {
      "type": "Feature",
      "properties": {
        "@id": "node/270097398",
        "amenity": "parking",
        "parking": "surface",
        "wheelchair": "yes"
      },
      "geometry": {
        "type": "Point",
        "coordinates": [
          11.0453053,
          45.8974176
        ]
      },
      "id": "node/270097398"
    },
    {
      "type": "Feature",
      "properties": {
        "@id": "node/303383004",
        "access": "yes",
        "amenity": "parking",
        "parking": "surface"
      },
      "geometry": {
        "type": "Point",
        "coordinates": [
          11.0398093,
          45.9135375
        ]
      },
      "id": "node/303383004"
    },
    {
      "type": "Feature",
      "properties": {
        "@id": "node/369442791",
        "amenity": "parking",
        "name": "Parcheggio campo sportivo"
      },
      "geometry": {
        "type": "Point",
        "coordinates": [
          11.0700112,
          45.8811862
        ]
      },
      "id": "node/369442791"
    },
    {
      "type": "Feature",
      "properties": {
        "@id": "node/369443036",
        "amenity": "parking",
        "parking": "surface"
      },
      "geometry": {
        "type": "Point",
        "coordinates": [
          11.0729994,
          45.8842683
        ]
      },
      "id": "node/369443036"
    },
    {
      "type": "Feature",
      "properties": {
        "@id": "node/614926907",
        "amenity": "parking"
      },
      "geometry": {
        "type": "Point",
        "coordinates": [
          11.0108788,
          45.8524186
        ]
      },
      "id": "node/614926907"
    },
    {
      "type": "Feature",
      "properties": {
        "@id": "node/5194568898",
        "access": "customers",
        "amenity": "parking",
        "parking": "surface"
      },
      "geometry": {
        "type": "Point",
        "coordinates": [
          11.0206989,
          45.8671386
        ]
      },
      "id": "node/5194568898"
    },
    {
      "type": "Feature",
      "properties": {
        "@id": "node/5194568899",
        "access": "customers",
        "amenity": "parking",
        "parking": "surface"
      },
      "geometry": {
        "type": "Point",
        "coordinates": [
          11.020428,
          45.8670634
        ]
      },
      "id": "node/5194568899"
    },
    {
      "type": "Feature",
      "properties": {
        "@id": "node/5572787153",
        "access": "yes",
        "amenity": "parking",
        "fee": "no",
        "parking": "surface"
      },
      "geometry": {
        "type": "Point",
        "coordinates": [
          11.045093,
          45.9003924
        ]
      },
      "id": "node/5572787153"
    },
    {
      "type": "Feature",
      "properties": {
        "@id": "node/11328193633",
        "access": "yes",
        "amenity": "parking",
        "fee": "no",
        "parking": "surface",
        "surface": "gravel"
      },
      "geometry": {
        "type": "Point",
        "coordinates": [
          11.0544133,
          45.9010518
        ]
      },
      "id": "node/11328193633"
    },
    {
      "type": "Feature",
      "properties": {
        "@id": "node/11637420621",
        "amenity": "parking"
      },
      "geometry": {
        "type": "Point",
        "coordinates": [
          11.0125766,
          45.8543621
        ]
      },
      "id": "node/11637420621"
    },
    {
      "type": "Feature",
      "properties": {
        "@id": "node/12612383401",
        "amenity": "parking"
      },
      "geometry": {
        "type": "Point",
        "coordinates": [
          11.0654927,
          45.8912292
        ]
      },
      "id": "node/12612383401"
    },
    {
      "type": "Feature",
      "properties": {
        "@id": "node/13244282078",
        "amenity": "parking",
        "layer": "-1",
        "parking": "underground"
      },
      "geometry": {
        "type": "Point",
        "coordinates": [
          11.0438898,
          45.9039439
        ]
      },
      "id": "node/13244282078"
    },
    {
      "type": "Feature",
      "properties": {
        "@id": "node/13244282085",
        "amenity": "parking",
        "layer": "-1",
        "parking": "underground"
      },
      "geometry": {
        "type": "Point",
        "coordinates": [
          11.0438768,
          45.9039879
        ]
      },
      "id": "node/13244282085"
    },
    {
      "type": "Feature",
      "properties": {
        "@id": "node/13272443515",
        "access": "yes",
        "amenity": "parking",
        "fee": "no"
      },
      "geometry": {
        "type": "Point",
        "coordinates": [
          11.0413033,
          45.8755304
        ]
      },
      "id": "node/13272443515"
    },
    {
      "type": "Feature",
      "properties": {
        "@id": "node/13272443516",
        "access": "yes",
        "amenity": "parking",
        "fee": "no"
      },
      "geometry": {
        "type": "Point",
        "coordinates": [
          11.0450137,
          45.8783981
        ]
      },
      "id": "node/13272443516"
    },
    {
      "type": "Feature",
      "properties": {
        "@id": "node/13272443518",
        "access": "yes",
        "amenity": "parking",
        "fee": "no"
      },
      "geometry": {
        "type": "Point",
        "coordinates": [
          11.0442804,
          45.8778314
        ]
      },
      "id": "node/13272443518"
    },
    {
      "type": "Feature",
      "properties": {
        "@id": "node/13272443520",
        "access": "yes",
        "amenity": "parking",
        "fee": "no"
      },
      "geometry": {
        "type": "Point",
        "coordinates": [
          11.0454331,
          45.8787655
        ]
      },
      "id": "node/13272443520"
    }
  ]
}